,id,Период,минут
0,215348,текущий_месяц,14
1,215348,предыдцщий_месяц,13
2,215349,текущий_месяц,10
3,215349,предыдцщий_месяц,12
4,215350,текущий_месяц,13
5,215350,предыдцщий_месяц,8
6,215351,текущий_месяц,13
7,215351,предыдцщий_месяц,11
8,215352,текущий_месяц,11
9,215352,предыдцщий_месяц,8
10,215353,предыдцщий_месяц,10
11,215353,текущий_месяц,10
12,215354,предыдцщий_месяц,11
13,215354,текущий_месяц,12
14,215355,предыдцщий_месяц,12
15,215355,текущий_месяц,10
16,215356,предыдцщий_месяц,6
17,215356,текущий_месяц,7
18,215357,предыдцщий_месяц,12
19,215357,текущий_месяц,6
20,215358,предыдцщий_месяц,14
21,215358,текущий_месяц,10
22,215359,предыдцщий_месяц,13
23,215359,текущий_месяц,11
24,215360,текущий_месяц,6
25,215360,предыдцщий_месяц,9
26,215361,текущий_месяц,13
27,215361,предыдцщий_месяц,11
28,215362,текущий_месяц,13
29,215362,предыдцщий_месяц,13
30,215363,предыдцщий_месяц,8
31,215363,текущий_месяц,5
32,215364,текущий_месяц,9
33,215364,предыдцщий_месяц,11
34,215365,текущий_месяц,10
35,215365,предыдцщий_месяц,6
36,215366,текущий_месяц,14
37,215366,предыдцщий_месяц,8
38,215367,текущий_месяц,7
39,215367,предыдцщий_месяц,8
40,215368,текущий_месяц,9
41,215368,предыдцщий_месяц,11
42,215369,предыдцщий_месяц,8
43,215369,текущий_месяц,9
44,215370,текущий_месяц,10
45,215370,предыдцщий_месяц,7
46,215371,предыдцщий_месяц,10
47,215371,текущий_месяц,10
48,215372,текущий_месяц,9
49,215372,предыдцщий_месяц,9
50,215373,текущий_месяц,8
51,215373,предыдцщий_месяц,10
52,215374,текущий_месяц,8
53,215374,предыдцщий_месяц,11
54,215375,предыдцщий_месяц,8
55,215375,текущий_месяц,9
56,215376,предыдцщий_месяц,8
57,215376,текущий_месяц,9
58,215377,текущий_месяц,7
59,215377,предыдцщий_месяц,8
60,215378,предыдцщий_месяц,12
61,215378,текущий_месяц,8
62,215379,предыдцщий_месяц,10
63,215379,текущий_месяц,15
64,215380,предыдцщий_месяц,12
65,215380,текущий_месяц,14
66,215381,текущий_месяц,9
67,215381,предыдцщий_месяц,9
68,215382,предыдцщий_месяц,15
69,215382,текущий_месяц,8
70,215383,предыдцщий_месяц,7
71,215383,текущий_месяц,10
72,215384,текущий_месяц,12
73,215384,предыдцщий_месяц,11
74,215385,текущий_месяц,8
75,215385,предыдцщий_месяц,10
76,215386,предыдцщий_месяц,14
77,215386,текущий_месяц,8
78,215387,текущий_месяц,5
79,215387,предыдцщий_месяц,7
80,215388,предыдцщий_месяц,10
81,215388,текущий_месяц,12
82,215389,текущий_месяц,7
83,215389,предыдцщий_месяц,7
84,215390,текущий_месяц,12
85,215390,предыдцщий_месяц,8
86,215391,текущий_месяц,11
87,215391,предыдцщий_месяц,10
88,215392,текущий_месяц,7
89,215392,предыдцщий_месяц,7
90,215393,текущий_месяц,11
91,215393,предыдцщий_месяц,12
92,215394,текущий_месяц,7
93,215394,предыдцщий_месяц,8
94,215395,текущий_месяц,9
95,215395,предыдцщий_месяц,9
96,215396,текущий_месяц,6
97,215396,предыдцщий_месяц,12
98,215397,предыдцщий_месяц,6
99,215397,текущий_месяц,8
100,215398,предыдцщий_месяц,5
101,215398,текущий_месяц,6
102,215399,предыдцщий_месяц,13
103,215399,текущий_месяц,10
104,215400,текущий_месяц,9
105,215400,предыдцщий_месяц,11
106,215401,текущий_месяц,8
107,215401,предыдцщий_месяц,10
108,215402,предыдцщий_месяц,5
109,215402,текущий_месяц,5
110,215403,предыдцщий_месяц,7
111,215403,текущий_месяц,8
112,215404,предыдцщий_месяц,12
113,215404,текущий_месяц,13
114,215405,предыдцщий_месяц,12
115,215405,текущий_месяц,9
116,215406,предыдцщий_месяц,6
117,215406,текущий_месяц,6
118,215407,текущий_месяц,13
119,215407,предыдцщий_месяц,9
120,215408,текущий_месяц,12
121,215408,предыдцщий_месяц,10
122,215409,текущий_месяц,12
123,215409,предыдцщий_месяц,6
124,215410,текущий_месяц,4
125,215410,предыдцщий_месяц,6
126,215411,текущий_месяц,10
127,215411,предыдцщий_месяц,9
128,215412,текущий_месяц,9
129,215412,предыдцщий_месяц,10
130,215413,текущий_месяц,12
131,215413,предыдцщий_месяц,9
132,215414,текущий_месяц,9
133,215414,предыдцщий_месяц,13
134,215415,текущий_месяц,9
135,215415,предыдцщий_месяц,13
136,215416,текущий_месяц,8
137,215416,предыдцщий_месяц,5
138,215417,текущий_месяц,9
139,215417,предыдцщий_месяц,9
140,215418,текущий_месяц,11
141,215418,предыдцщий_месяц,8
142,215419,текущий_месяц,11
143,215419,предыдцщий_месяц,10
144,215420,текущий_месяц,9
145,215420,предыдцщий_месяц,11
146,215421,предыдцщий_месяц,11
147,215421,текущий_месяц,13
148,215422,предыдцщий_месяц,6
149,215422,текущий_месяц,12
150,215423,предыдцщий_месяц,10
151,215423,текущий_месяц,10
152,215424,предыдцщий_месяц,10
153,215424,текущий_месяц,14
154,215425,текущий_месяц,11
155,215425,предыдцщий_месяц,10
156,215426,текущий_месяц,7
157,215426,предыдцщий_месяц,10
158,215427,текущий_месяц,14
159,215427,предыдцщий_месяц,9
160,215428,текущий_месяц,9
161,215428,предыдцщий_месяц,10
162,215429,текущий_месяц,10
163,215429,предыдцщий_месяц,11
164,215430,текущий_месяц,6
165,215430,предыдцщий_месяц,12
166,215431,текущий_месяц,14
167,215431,предыдцщий_месяц,12
168,215432,текущий_месяц,12
169,215432,предыдцщий_месяц,12
170,215433,текущий_месяц,11
171,215433,предыдцщий_месяц,8
172,215434,предыдцщий_месяц,7
173,215434,текущий_месяц,7
174,215435,текущий_месяц,11
175,215435,предыдцщий_месяц,7
176,215436,текущий_месяц,10
177,215436,предыдцщий_месяц,10
178,215437,текущий_месяц,6
179,215437,предыдцщий_месяц,10
180,215438,текущий_месяц,12
181,215438,предыдцщий_месяц,10
182,215439,предыдцщий_месяц,9
183,215439,текущий_месяц,9
184,215440,предыдцщий_месяц,7
185,215440,текущий_месяц,7
186,215441,предыдцщий_месяц,7
187,215441,текущий_месяц,12
188,215442,предыдцщий_месяц,8
189,215442,текущий_месяц,5
190,215443,текущий_месяц,8
191,215443,предыдцщий_месяц,5
192,215444,текущий_месяц,9
193,215444,предыдцщий_месяц,5
194,215445,предыдцщий_месяц,9
195,215445,текущий_месяц,10
196,215446,текущий_месяц,14
197,215446,предыдцщий_месяц,11
198,215447,предыдцщий_месяц,6
199,215447,текущий_месяц,9
200,215448,предыдцщий_месяц,9
201,215448,текущий_месяц,10
202,215449,текущий_месяц,13
203,215449,предыдцщий_месяц,10
204,215450,предыдцщий_месяц,12
205,215450,текущий_месяц,8
206,215451,текущий_месяц,14
207,215451,предыдцщий_месяц,11
208,215452,предыдцщий_месяц,11
209,215452,текущий_месяц,10
210,215453,предыдцщий_месяц,9
211,215453,текущий_месяц,12
212,215454,предыдцщий_месяц,9
213,215454,текущий_месяц,9
214,215455,предыдцщий_месяц,12
215,215455,текущий_месяц,10
216,215456,текущий_месяц,9
217,215456,предыдцщий_месяц,10
218,215457,текущий_месяц,10
219,215457,предыдцщий_месяц,8
220,215458,предыдцщий_месяц,14
221,215458,текущий_месяц,15
222,215459,предыдцщий_месяц,14
223,215459,текущий_месяц,8
224,215460,текущий_месяц,11
225,215460,предыдцщий_месяц,10
226,215461,предыдцщий_месяц,12
227,215461,текущий_месяц,9
228,215462,текущий_месяц,4
229,215462,предыдцщий_месяц,6
230,215463,предыдцщий_месяц,8
231,215463,текущий_месяц,12
232,215464,текущий_месяц,10
233,215464,предыдцщий_месяц,11
234,215465,текущий_месяц,9
235,215465,предыдцщий_месяц,11
236,215466,текущий_месяц,14
237,215466,предыдцщий_месяц,11
238,215467,текущий_месяц,13
239,215467,предыдцщий_месяц,7
240,215468,текущий_месяц,11
241,215468,предыдцщий_месяц,9
242,215469,текущий_месяц,8
243,215469,предыдцщий_месяц,12
244,215470,текущий_месяц,11
245,215470,предыдцщий_месяц,13
246,215471,текущий_месяц,9
247,215471,предыдцщий_месяц,7
248,215472,текущий_месяц,8
249,215472,предыдцщий_месяц,11
250,215473,текущий_месяц,13
251,215473,предыдцщий_месяц,8
252,215474,текущий_месяц,13
253,215474,предыдцщий_месяц,11
254,215475,предыдцщий_месяц,11
255,215475,текущий_месяц,11
256,215476,предыдцщий_месяц,6
257,215476,текущий_месяц,11
258,215477,текущий_месяц,14
259,215477,предыдцщий_месяц,12
260,215478,текущий_месяц,14
261,215478,предыдцщий_месяц,10
262,215479,текущий_месяц,8
263,215479,предыдцщий_месяц,10
264,215480,текущий_месяц,12
265,215480,предыдцщий_месяц,6
266,215481,текущий_месяц,11
267,215481,предыдцщий_месяц,10
268,215482,текущий_месяц,10
269,215482,предыдцщий_месяц,12
270,215483,текущий_месяц,8
271,215483,предыдцщий_месяц,8
272,215484,предыдцщий_месяц,5
273,215484,текущий_месяц,7
274,215485,предыдцщий_месяц,10
275,215485,текущий_месяц,14
276,215486,текущий_месяц,13
277,215486,предыдцщий_месяц,9
278,215487,текущий_месяц,8
279,215487,предыдцщий_месяц,10
280,215488,текущий_месяц,8
281,215488,предыдцщий_месяц,10
282,215489,текущий_месяц,8
283,215489,предыдцщий_месяц,9
284,215490,предыдцщий_месяц,13
285,215490,текущий_месяц,11
286,215491,предыдцщий_месяц,11
287,215491,текущий_месяц,11
288,215492,предыдцщий_месяц,6
289,215492,текущий_месяц,9
290,215493,предыдцщий_месяц,9
291,215493,текущий_месяц,10
292,215494,предыдцщий_месяц,9
293,215494,текущий_месяц,13
294,215495,предыдцщий_месяц,14
295,215495,текущий_месяц,11
296,215496,текущий_месяц,11
297,215496,предыдцщий_месяц,11
298,215497,текущий_месяц,5
299,215497,предыдцщий_месяц,9
300,215498,текущий_месяц,9
301,215498,предыдцщий_месяц,9
302,215499,предыдцщий_месяц,14
303,215499,текущий_месяц,10
304,215500,текущий_месяц,12
305,215500,предыдцщий_месяц,11
306,215501,предыдцщий_месяц,9
307,215501,текущий_месяц,9
308,215502,текущий_месяц,10
309,215502,предыдцщий_месяц,13
310,215503,предыдцщий_месяц,7
311,215503,текущий_месяц,8
312,215504,текущий_месяц,10
313,215504,предыдцщий_месяц,11
314,215505,предыдцщий_месяц,7
315,215505,текущий_месяц,7
316,215506,предыдцщий_месяц,11
317,215506,текущий_месяц,8
318,215507,предыдцщий_месяц,16
319,215507,текущий_месяц,9
320,215508,предыдцщий_месяц,8
321,215508,текущий_месяц,5
322,215509,предыдцщий_месяц,8
323,215509,текущий_месяц,6
324,215510,текущий_месяц,14
325,215510,предыдцщий_месяц,9
326,215511,предыдцщий_месяц,10
327,215511,текущий_месяц,11
328,215512,текущий_месяц,8
329,215512,предыдцщий_месяц,12
330,215513,предыдцщий_месяц,10
331,215513,текущий_месяц,8
332,215514,текущий_месяц,9
333,215514,предыдцщий_месяц,6
334,215515,текущий_месяц,13
335,215515,предыдцщий_месяц,7
336,215516,текущий_месяц,11
337,215516,предыдцщий_месяц,9
338,215517,текущий_месяц,8
339,215517,предыдцщий_месяц,11
340,215518,текущий_месяц,6
341,215518,предыдцщий_месяц,6
342,215519,текущий_месяц,8
343,215519,предыдцщий_месяц,8
344,215520,текущий_месяц,14
345,215520,предыдцщий_месяц,11
346,215521,предыдцщий_месяц,11
347,215521,текущий_месяц,13
348,215522,предыдцщий_месяц,11
349,215522,текущий_месяц,11
350,215523,предыдцщий_месяц,14
351,215523,текущий_месяц,13
352,215524,предыдцщий_месяц,12
353,215524,текущий_месяц,11
354,215525,предыдцщий_месяц,9
355,215525,текущий_месяц,10
356,215526,предыдцщий_месяц,13
357,215526,текущий_месяц,12
358,215527,предыдцщий_месяц,8
359,215527,текущий_месяц,8
360,215528,предыдцщий_месяц,8
361,215528,текущий_месяц,8
362,215529,предыдцщий_месяц,10
363,215529,текущий_месяц,9
364,215530,предыдцщий_месяц,9
365,215530,текущий_месяц,10
366,215531,предыдцщий_месяц,13
367,215531,текущий_месяц,13
368,215532,текущий_месяц,9
369,215532,предыдцщий_месяц,7
370,215533,текущий_месяц,6
371,215533,предыдцщий_месяц,10
372,215534,предыдцщий_месяц,13
373,215534,текущий_месяц,10
374,215535,текущий_месяц,9
375,215535,предыдцщий_месяц,7
376,215536,текущий_месяц,12
377,215536,предыдцщий_месяц,15
378,215537,текущий_месяц,9
379,215537,предыдцщий_месяц,7
380,215538,текущий_месяц,4
381,215538,предыдцщий_месяц,8
382,215539,текущий_месяц,9
383,215539,предыдцщий_месяц,5
384,215540,текущий_месяц,10
385,215540,предыдцщий_месяц,9
386,215541,текущий_месяц,9
387,215541,предыдцщий_месяц,10
388,215542,текущий_месяц,9
389,215542,предыдцщий_месяц,11
390,215543,текущий_месяц,4
391,215543,предыдцщий_месяц,5
392,215544,текущий_месяц,12
393,215544,предыдцщий_месяц,9
394,215545,текущий_месяц,9
395,215545,предыдцщий_месяц,9
396,215546,текущий_месяц,10
397,215546,предыдцщий_месяц,11
398,215547,текущий_месяц,10
399,215547,предыдцщий_месяц,14
400,215548,текущий_месяц,12
401,215548,предыдцщий_месяц,11
402,215549,текущий_месяц,12
403,215549,предыдцщий_месяц,11
404,215550,текущий_месяц,9
405,215550,предыдцщий_месяц,12
406,215551,текущий_месяц,6
407,215551,предыдцщий_месяц,7
408,215552,текущий_месяц,11
409,215552,предыдцщий_месяц,12
410,215553,текущий_месяц,10
411,215553,предыдцщий_месяц,6
412,215554,предыдцщий_месяц,9
413,215554,текущий_месяц,12
414,215555,текущий_месяц,10
415,215555,предыдцщий_месяц,8
416,215556,текущий_месяц,8
417,215556,предыдцщий_месяц,7
418,215557,предыдцщий_месяц,10
419,215557,текущий_месяц,12
420,215558,предыдцщий_месяц,12
421,215558,текущий_месяц,14
422,215559,предыдцщий_месяц,11
423,215559,текущий_месяц,9
424,215560,текущий_месяц,12
425,215560,предыдцщий_месяц,14
426,215561,предыдцщий_месяц,7
427,215561,текущий_месяц,12
428,215562,текущий_месяц,10
429,215562,предыдцщий_месяц,8
430,215563,предыдцщий_месяц,10
431,215563,текущий_месяц,9
432,215564,предыдцщий_месяц,12
433,215564,текущий_месяц,12
434,215565,предыдцщий_месяц,11
435,215565,текущий_месяц,12
436,215566,текущий_месяц,14
437,215566,предыдцщий_месяц,8
438,215567,предыдцщий_месяц,11
439,215567,текущий_месяц,8
440,215568,предыдцщий_месяц,10
441,215568,текущий_месяц,10
442,215569,предыдцщий_месяц,11
443,215569,текущий_месяц,12
444,215570,предыдцщий_месяц,10
445,215570,текущий_месяц,10
446,215571,предыдцщий_месяц,12
447,215571,текущий_месяц,8
448,215572,текущий_месяц,15
449,215572,предыдцщий_месяц,16
450,215573,предыдцщий_месяц,12
451,215573,текущий_месяц,12
452,215574,предыдцщий_месяц,14
453,215574,текущий_месяц,9
454,215575,предыдцщий_месяц,7
455,215575,текущий_месяц,6
456,215576,текущий_месяц,9
457,215576,предыдцщий_месяц,8
458,215577,предыдцщий_месяц,12
459,215577,текущий_месяц,13
460,215578,предыдцщий_месяц,10
461,215578,текущий_месяц,7
462,215579,предыдцщий_месяц,6
463,215579,текущий_месяц,11
464,215580,предыдцщий_месяц,8
465,215580,текущий_месяц,9
466,215581,предыдцщий_месяц,8
467,215581,текущий_месяц,12
468,215582,предыдцщий_месяц,12
469,215582,текущий_месяц,13
470,215583,предыдцщий_месяц,13
471,215583,текущий_месяц,10
472,215584,текущий_месяц,11
473,215584,предыдцщий_месяц,6
474,215585,текущий_месяц,9
475,215585,предыдцщий_месяц,12
476,215586,предыдцщий_месяц,11
477,215586,текущий_месяц,14
478,215587,текущий_месяц,7
479,215587,предыдцщий_месяц,7
480,215588,текущий_месяц,11
481,215588,предыдцщий_месяц,8
482,215589,текущий_месяц,4
483,215589,предыдцщий_месяц,8
484,215590,текущий_месяц,14
485,215590,предыдцщий_месяц,12
486,215591,текущий_месяц,7
487,215591,предыдцщий_месяц,7
488,215592,текущий_месяц,9
489,215592,предыдцщий_месяц,8
490,215593,текущий_месяц,9
491,215593,предыдцщий_месяц,8
492,215594,текущий_месяц,10
493,215594,предыдцщий_месяц,13
494,215595,текущий_месяц,9
495,215595,предыдцщий_месяц,12
496,215596,текущий_месяц,8
497,215596,предыдцщий_месяц,14
498,215597,текущий_месяц,10
499,215597,предыдцщий_месяц,13
500,215598,текущий_месяц,11
501,215598,предыдцщий_месяц,10
502,215599,текущий_месяц,8
503,215599,предыдцщий_месяц,12
504,215600,предыдцщий_месяц,13
505,215600,текущий_месяц,14
506,215601,текущий_месяц,14
507,215601,предыдцщий_месяц,10
508,215602,предыдцщий_месяц,14
509,215602,текущий_месяц,9
510,215603,текущий_месяц,9
511,215603,предыдцщий_месяц,14
512,215604,текущий_месяц,10
513,215604,предыдцщий_месяц,8
514,215605,текущий_месяц,14
515,215605,предыдцщий_месяц,10
516,215606,предыдцщий_месяц,10
517,215606,текущий_месяц,7
518,215607,предыдцщий_месяц,9
519,215607,текущий_месяц,11
520,215608,предыдцщий_месяц,10
521,215608,текущий_месяц,6
522,215609,текущий_месяц,8
523,215609,предыдцщий_месяц,8
524,215610,предыдцщий_месяц,13
525,215610,текущий_месяц,8
526,215611,предыдцщий_месяц,14
527,215611,текущий_месяц,13
528,215612,текущий_месяц,12
529,215612,предыдцщий_месяц,8
530,215613,предыдцщий_месяц,11
531,215613,текущий_месяц,12
532,215614,предыдцщий_месяц,14
533,215614,текущий_месяц,11
534,215615,текущий_месяц,8
535,215615,предыдцщий_месяц,13
536,215616,предыдцщий_месяц,10
537,215616,текущий_месяц,8
538,215617,текущий_месяц,14
539,215617,предыдцщий_месяц,10
540,215618,предыдцщий_месяц,10
541,215618,текущий_месяц,7
542,215619,текущий_месяц,12
543,215619,предыдцщий_месяц,10
544,215620,предыдцщий_месяц,9
545,215620,текущий_месяц,12
546,215621,предыдцщий_месяц,7
547,215621,текущий_месяц,11
548,215622,текущий_месяц,10
549,215622,предыдцщий_месяц,9
550,215623,предыдцщий_месяц,9
551,215623,текущий_месяц,12
552,215624,текущий_месяц,15
553,215624,предыдцщий_месяц,7
554,215625,предыдцщий_месяц,11
555,215625,текущий_месяц,6
556,215626,текущий_месяц,10
557,215626,предыдцщий_месяц,5
558,215627,текущий_месяц,6
559,215627,предыдцщий_месяц,8
560,215628,текущий_месяц,10
561,215628,предыдцщий_месяц,9
562,215629,текущий_месяц,13
563,215629,предыдцщий_месяц,11
564,215630,текущий_месяц,14
565,215630,предыдцщий_месяц,15
566,215631,предыдцщий_месяц,6
567,215631,текущий_месяц,7
568,215632,предыдцщий_месяц,10
569,215632,текущий_месяц,11
570,215633,предыдцщий_месяц,10
571,215633,текущий_месяц,13
572,215634,текущий_месяц,8
573,215634,предыдцщий_месяц,7
574,215635,предыдцщий_месяц,11
575,215635,текущий_месяц,11
576,215636,текущий_месяц,10
577,215636,предыдцщий_месяц,8
578,215637,текущий_месяц,11
579,215637,предыдцщий_месяц,13
580,215638,текущий_месяц,12
581,215638,предыдцщий_месяц,14
582,215639,предыдцщий_месяц,6
583,215639,текущий_месяц,10
584,215640,текущий_месяц,10
585,215640,предыдцщий_месяц,13
586,215641,текущий_месяц,9
587,215641,предыдцщий_месяц,7
588,215642,предыдцщий_месяц,7
589,215642,текущий_месяц,7
590,215643,предыдцщий_месяц,7
591,215643,текущий_месяц,10
592,215644,текущий_месяц,10
593,215644,предыдцщий_месяц,13
594,215645,предыдцщий_месяц,10
595,215645,текущий_месяц,11
596,215646,текущий_месяц,9
597,215646,предыдцщий_месяц,8
598,215647,текущий_месяц,9
599,215647,предыдцщий_месяц,10
600,215648,текущий_месяц,9
601,215648,предыдцщий_месяц,10
602,215649,текущий_месяц,9
603,215649,предыдцщий_месяц,9
604,215650,текущий_месяц,6
605,215650,предыдцщий_месяц,9
606,215651,текущий_месяц,8
607,215651,предыдцщий_месяц,10
608,215652,предыдцщий_месяц,12
609,215652,текущий_месяц,11
610,215653,текущий_месяц,13
611,215653,предыдцщий_месяц,7
612,215654,предыдцщий_месяц,11
613,215654,текущий_месяц,9
614,215655,предыдцщий_месяц,13
615,215655,текущий_месяц,10
616,215656,предыдцщий_месяц,7
617,215656,текущий_месяц,10
618,215657,предыдцщий_месяц,11
619,215657,текущий_месяц,9
620,215658,предыдцщий_месяц,9
621,215658,текущий_месяц,10
622,215659,текущий_месяц,10
623,215659,предыдцщий_месяц,7
624,215660,текущий_месяц,12
625,215660,предыдцщий_месяц,6
626,215661,предыдцщий_месяц,11
627,215661,текущий_месяц,9
628,215662,текущий_месяц,9
629,215662,предыдцщий_месяц,7
630,215663,текущий_месяц,6
631,215663,предыдцщий_месяц,5
632,215664,текущий_месяц,11
633,215664,предыдцщий_месяц,8
634,215665,предыдцщий_месяц,11
635,215665,текущий_месяц,10
636,215666,предыдцщий_месяц,6
637,215666,текущий_месяц,10
638,215667,текущий_месяц,8
639,215667,предыдцщий_месяц,8
640,215668,предыдцщий_месяц,6
641,215668,текущий_месяц,9
642,215669,текущий_месяц,11
643,215669,предыдцщий_месяц,8
644,215670,предыдцщий_месяц,9
645,215670,текущий_месяц,11
646,215671,текущий_месяц,8
647,215671,предыдцщий_месяц,7
648,215672,текущий_месяц,12
649,215672,предыдцщий_месяц,9
650,215673,предыдцщий_месяц,8
651,215673,текущий_месяц,11
652,215674,предыдцщий_месяц,11
653,215674,текущий_месяц,11
654,215675,текущий_месяц,14
655,215675,предыдцщий_месяц,13
656,215676,предыдцщий_месяц,11
657,215676,текущий_месяц,16
658,215677,текущий_месяц,16
659,215677,предыдцщий_месяц,17
660,215678,текущий_месяц,16
661,215678,предыдцщий_месяц,19
662,215679,текущий_месяц,18
663,215679,предыдцщий_месяц,18
664,215680,предыдцщий_месяц,11
665,215680,текущий_месяц,12
666,215681,предыдцщий_месяц,15
667,215681,текущий_месяц,19
668,215682,предыдцщий_месяц,11
669,215682,текущий_месяц,13
670,215683,текущий_месяц,14
671,215683,предыдцщий_месяц,22
672,215684,текущий_месяц,22
673,215684,предыдцщий_месяц,18
674,215685,текущий_месяц,12
675,215685,предыдцщий_месяц,11
676,215686,текущий_месяц,9
677,215686,предыдцщий_месяц,13
678,215687,текущий_месяц,12
679,215687,предыдцщий_месяц,17
680,215688,текущий_месяц,11
681,215688,предыдцщий_месяц,18
682,215689,текущий_месяц,18
683,215689,предыдцщий_месяц,11
684,215690,текущий_месяц,14
685,215690,предыдцщий_месяц,13
686,215691,текущий_месяц,20
687,215691,предыдцщий_месяц,18
688,215692,текущий_месяц,8
689,215692,предыдцщий_месяц,17
690,215693,текущий_месяц,6
691,215693,предыдцщий_месяц,16
692,215694,текущий_месяц,19
693,215694,предыдцщий_месяц,18
694,215695,текущий_месяц,20
695,215695,предыдцщий_месяц,18
696,215696,предыдцщий_месяц,16
697,215696,текущий_месяц,11
698,215697,предыдцщий_месяц,7
699,215697,текущий_месяц,10
700,215698,предыдцщий_месяц,12
701,215698,текущий_месяц,10
702,215699,текущий_месяц,14
703,215699,предыдцщий_месяц,12
704,215700,текущий_месяц,8
705,215700,предыдцщий_месяц,10
706,215701,предыдцщий_месяц,9
707,215701,текущий_месяц,7
708,215702,предыдцщий_месяц,8
709,215702,текущий_месяц,7
710,215703,предыдцщий_месяц,8
711,215703,текущий_месяц,6
712,215704,предыдцщий_месяц,9
713,215704,текущий_месяц,12
714,215705,предыдцщий_месяц,10
715,215705,текущий_месяц,7
716,215706,текущий_месяц,13
717,215706,предыдцщий_месяц,10
718,215707,предыдцщий_месяц,9
719,215707,текущий_месяц,4
720,215708,текущий_месяц,10
721,215708,предыдцщий_месяц,10
722,215709,текущий_месяц,10
723,215709,предыдцщий_месяц,12
724,215710,предыдцщий_месяц,7
725,215710,текущий_месяц,14
726,215711,предыдцщий_месяц,7
727,215711,текущий_месяц,9
728,215712,текущий_месяц,10
729,215712,предыдцщий_месяц,12
730,215713,текущий_месяц,14
731,215713,предыдцщий_месяц,12
732,215714,предыдцщий_месяц,13
733,215714,текущий_месяц,9
734,215715,предыдцщий_месяц,10
735,215715,текущий_месяц,10
736,215716,текущий_месяц,14
737,215716,предыдцщий_месяц,13
738,215717,предыдцщий_месяц,8
739,215717,текущий_месяц,8
740,215718,текущий_месяц,9
741,215718,предыдцщий_месяц,8
742,215719,предыдцщий_месяц,10
743,215719,текущий_месяц,11
744,215720,текущий_месяц,7
745,215720,предыдцщий_месяц,8
746,215721,предыдцщий_месяц,6
747,215721,текущий_месяц,10
748,215722,предыдцщий_месяц,10
749,215722,текущий_месяц,9
750,215723,текущий_месяц,11
751,215723,предыдцщий_месяц,8
752,215724,текущий_месяц,11
753,215724,предыдцщий_месяц,10
754,215725,предыдцщий_месяц,10
755,215725,текущий_месяц,14
756,215726,предыдцщий_месяц,8
757,215726,текущий_месяц,7
758,215727,предыдцщий_месяц,9
759,215727,текущий_месяц,12
760,215728,предыдцщий_месяц,11
761,215728,текущий_месяц,9
762,215729,текущий_месяц,11
763,215729,предыдцщий_месяц,9
764,215730,текущий_месяц,8
765,215730,предыдцщий_месяц,10
766,215731,текущий_месяц,11
767,215731,предыдцщий_месяц,9
768,215732,предыдцщий_месяц,16
769,215732,текущий_месяц,11
770,215733,предыдцщий_месяц,9
771,215733,текущий_месяц,14
772,215734,текущий_месяц,11
773,215734,предыдцщий_месяц,5
774,215735,предыдцщий_месяц,11
775,215735,текущий_месяц,9
776,215736,предыдцщий_месяц,8
777,215736,текущий_месяц,11
778,215737,предыдцщий_месяц,9
779,215737,текущий_месяц,10
780,215738,текущий_месяц,7
781,215738,предыдцщий_месяц,9
782,215739,предыдцщий_месяц,9
783,215739,текущий_месяц,9
784,215740,предыдцщий_месяц,13
785,215740,текущий_месяц,7
786,215741,текущий_месяц,14
787,215741,предыдцщий_месяц,10
788,215742,текущий_месяц,10
789,215742,предыдцщий_месяц,13
790,215743,предыдцщий_месяц,11
791,215743,текущий_месяц,8
792,215744,предыдцщий_месяц,6
793,215744,текущий_месяц,9
794,215745,текущий_месяц,9
795,215745,предыдцщий_месяц,9
796,215746,текущий_месяц,9
797,215746,предыдцщий_месяц,10
798,215747,текущий_месяц,10
799,215747,предыдцщий_месяц,10
800,215748,предыдцщий_месяц,13
801,215748,текущий_месяц,13
802,215749,предыдцщий_месяц,14
803,215749,текущий_месяц,17
804,215750,предыдцщий_месяц,13
805,215750,текущий_месяц,14
806,215751,предыдцщий_месяц,14
807,215751,текущий_месяц,12
808,215752,предыдцщий_месяц,13
809,215752,текущий_месяц,8
810,215753,предыдцщий_месяц,15
811,215753,текущий_месяц,15
812,215754,предыдцщий_месяц,7
813,215754,текущий_месяц,12
814,215755,текущий_месяц,7
815,215755,предыдцщий_месяц,19
816,215756,предыдцщий_месяц,18
817,215756,текущий_месяц,17
818,215757,предыдцщий_месяц,18
819,215757,текущий_месяц,18
820,215758,текущий_месяц,12
821,215758,предыдцщий_месяц,14
822,215759,текущий_месяц,12
823,215759,предыдцщий_месяц,20
824,215760,предыдцщий_месяц,14
825,215760,текущий_месяц,14
826,215761,предыдцщий_месяц,12
827,215761,текущий_месяц,18
828,215762,предыдцщий_месяц,18
829,215762,текущий_месяц,12
830,215763,предыдцщий_месяц,12
831,215763,текущий_месяц,14
832,215764,текущий_месяц,5
833,215764,предыдцщий_месяц,15
834,215765,текущий_месяц,17
835,215765,предыдцщий_месяц,18
836,215766,текущий_месяц,20
837,215766,предыдцщий_месяц,12
838,215767,текущий_месяц,18
839,215767,предыдцщий_месяц,14
840,215768,предыдцщий_месяц,17
841,215768,текущий_месяц,9
842,215769,текущий_месяц,9
843,215769,предыдцщий_месяц,12
844,215770,предыдцщий_месяц,20
845,215770,текущий_месяц,14
846,215771,предыдцщий_месяц,13
847,215771,текущий_месяц,22
848,215772,текущий_месяц,17
849,215772,предыдцщий_месяц,15
850,215773,предыдцщий_месяц,13
851,215773,текущий_месяц,16
852,215774,предыдцщий_месяц,16
853,215774,текущий_месяц,16
854,215775,текущий_месяц,16
855,215775,предыдцщий_месяц,19
856,215776,текущий_месяц,11
857,215776,предыдцщий_месяц,15
858,215777,предыдцщий_месяц,14
859,215777,текущий_месяц,20
860,215778,предыдцщий_месяц,20
861,215778,текущий_месяц,19
862,215779,текущий_месяц,15
863,215779,предыдцщий_месяц,19
864,215780,текущий_месяц,21
865,215780,предыдцщий_месяц,12
866,215781,предыдцщий_месяц,14
867,215781,текущий_месяц,16
868,215782,предыдцщий_месяц,12
869,215782,текущий_месяц,10
870,215783,предыдцщий_месяц,21
871,215783,текущий_месяц,8
872,215784,предыдцщий_месяц,21
873,215784,текущий_месяц,14
874,215785,текущий_месяц,16
875,215785,предыдцщий_месяц,17
876,215786,предыдцщий_месяц,11
877,215786,текущий_месяц,8
878,215787,текущий_месяц,14
879,215787,предыдцщий_месяц,13
880,215788,предыдцщий_месяц,17
881,215788,текущий_месяц,19
882,215789,предыдцщий_месяц,16
883,215789,текущий_месяц,20
884,215790,текущий_месяц,16
885,215790,предыдцщий_месяц,10
886,215791,текущий_месяц,6
887,215791,предыдцщий_месяц,15
888,215792,текущий_месяц,17
889,215792,предыдцщий_месяц,17
890,215793,текущий_месяц,16
891,215793,предыдцщий_месяц,14
892,215794,текущий_месяц,18
893,215794,предыдцщий_месяц,16
894,215795,текущий_месяц,19
895,215795,предыдцщий_месяц,12
896,215796,текущий_месяц,16
897,215796,предыдцщий_месяц,16
898,215797,предыдцщий_месяц,14
899,215797,текущий_месяц,17
900,215798,предыдцщий_месяц,15
901,215798,текущий_месяц,16
902,215799,текущий_месяц,16
903,215799,предыдцщий_месяц,11
904,215800,текущий_месяц,14
905,215800,предыдцщий_месяц,11
906,215801,текущий_месяц,9
907,215801,предыдцщий_месяц,12
908,215802,текущий_месяц,20
909,215802,предыдцщий_месяц,11
910,215803,предыдцщий_месяц,9
911,215803,текущий_месяц,22
912,215804,предыдцщий_месяц,17
913,215804,текущий_месяц,14
914,215805,предыдцщий_месяц,12
915,215805,текущий_месяц,16
916,215806,предыдцщий_месяц,16
917,215806,текущий_месяц,7
918,215807,предыдцщий_месяц,14
919,215807,текущий_месяц,18
920,215808,текущий_месяц,5
921,215808,предыдцщий_месяц,17
922,215809,текущий_месяц,13
923,215809,предыдцщий_месяц,19
924,215810,предыдцщий_месяц,16
925,215810,текущий_месяц,10
926,215811,текущий_месяц,21
927,215811,предыдцщий_месяц,23
928,215812,предыдцщий_месяц,9
929,215812,текущий_месяц,10
930,215813,предыдцщий_месяц,15
931,215813,текущий_месяц,20
932,215814,предыдцщий_месяц,19
933,215814,текущий_месяц,10
934,215815,текущий_месяц,11
935,215815,предыдцщий_месяц,13
936,215816,предыдцщий_месяц,12
937,215816,текущий_месяц,19
938,215817,текущий_месяц,10
939,215817,предыдцщий_месяц,16
940,215818,предыдцщий_месяц,16
941,215818,текущий_месяц,13
942,215819,текущий_месяц,9
943,215819,предыдцщий_месяц,10
944,215820,текущий_месяц,14
945,215820,предыдцщий_месяц,18
946,215821,текущий_месяц,15
947,215821,предыдцщий_месяц,20
948,215822,текущий_месяц,15
949,215822,предыдцщий_месяц,14
950,215823,текущий_месяц,15
951,215823,предыдцщий_месяц,21
952,215824,текущий_месяц,12
953,215824,предыдцщий_месяц,15
954,215825,текущий_месяц,15
955,215825,предыдцщий_месяц,17
956,215826,текущий_месяц,20
957,215826,предыдцщий_месяц,17
958,215827,предыдцщий_месяц,21
959,215827,текущий_месяц,11
960,215828,текущий_месяц,14
961,215828,предыдцщий_месяц,10
962,215829,предыдцщий_месяц,14
963,215829,текущий_месяц,19
964,215830,предыдцщий_месяц,19
965,215830,текущий_месяц,8
966,215831,текущий_месяц,18
967,215831,предыдцщий_месяц,17
968,215832,предыдцщий_месяц,14
969,215832,текущий_месяц,10
970,215833,предыдцщий_месяц,14
971,215833,текущий_месяц,19
972,215834,предыдцщий_месяц,15
973,215834,текущий_месяц,13
974,215835,предыдцщий_месяц,21
975,215835,текущий_месяц,14
976,215836,предыдцщий_месяц,12
977,215836,текущий_месяц,10
978,215837,предыдцщий_месяц,15
979,215837,текущий_месяц,18
980,215838,текущий_месяц,13
981,215838,предыдцщий_месяц,17
982,215839,предыдцщий_месяц,13
983,215839,текущий_месяц,13
984,215840,текущий_месяц,22
985,215840,предыдцщий_месяц,17
986,215841,предыдцщий_месяц,9
987,215841,текущий_месяц,12
988,215842,текущий_месяц,10
989,215842,предыдцщий_месяц,8
990,215843,текущий_месяц,9
991,215843,предыдцщий_месяц,14
992,215844,предыдцщий_месяц,9
993,215844,текущий_месяц,14
994,215845,текущий_месяц,18
995,215845,предыдцщий_месяц,10
996,215846,предыдцщий_месяц,17
997,215846,текущий_месяц,14
998,215847,предыдцщий_месяц,18
999,215847,текущий_месяц,8
1000,215848,текущий_месяц,11
1001,215848,предыдцщий_месяц,18
1002,215849,текущий_месяц,15
1003,215849,предыдцщий_месяц,18
1004,215850,текущий_месяц,16
1005,215850,предыдцщий_месяц,19
1006,215851,предыдцщий_месяц,17
1007,215851,текущий_месяц,11
1008,215852,текущий_месяц,7
1009,215852,предыдцщий_месяц,14
1010,215853,текущий_месяц,14
1011,215853,предыдцщий_месяц,7
1012,215854,текущий_месяц,8
1013,215854,предыдцщий_месяц,12
1014,215855,текущий_месяц,8
1015,215855,предыдцщий_месяц,21
1016,215856,текущий_месяц,20
1017,215856,предыдцщий_месяц,13
1018,215857,предыдцщий_месяц,19
1019,215857,текущий_месяц,14
1020,215858,текущий_месяц,6
1021,215858,предыдцщий_месяц,20
1022,215859,предыдцщий_месяц,14
1023,215859,текущий_месяц,23
1024,215860,предыдцщий_месяц,18
1025,215860,текущий_месяц,19
1026,215861,текущий_месяц,14
1027,215861,предыдцщий_месяц,8
1028,215862,предыдцщий_месяц,12
1029,215862,текущий_месяц,21
1030,215863,текущий_месяц,20
1031,215863,предыдцщий_месяц,18
1032,215864,текущий_месяц,12
1033,215864,предыдцщий_месяц,11
1034,215865,текущий_месяц,11
1035,215865,предыдцщий_месяц,11
1036,215866,предыдцщий_месяц,17
1037,215866,текущий_месяц,20
1038,215867,текущий_месяц,14
1039,215867,предыдцщий_месяц,13
1040,215868,предыдцщий_месяц,17
1041,215868,текущий_месяц,16
1042,215869,текущий_месяц,19
1043,215869,предыдцщий_месяц,16
1044,215870,предыдцщий_месяц,18
1045,215870,текущий_месяц,11
1046,215871,предыдцщий_месяц,14
1047,215871,текущий_месяц,21
1048,215872,текущий_месяц,7
1049,215872,предыдцщий_месяц,16
1050,215873,текущий_месяц,17
1051,215873,предыдцщий_месяц,16
1052,215874,текущий_месяц,13
1053,215874,предыдцщий_месяц,14
1054,215875,текущий_месяц,18
1055,215875,предыдцщий_месяц,9
1056,215876,предыдцщий_месяц,14
1057,215876,текущий_месяц,14
1058,215877,предыдцщий_месяц,16
1059,215877,текущий_месяц,19
1060,215878,текущий_месяц,10
1061,215878,предыдцщий_месяц,13
1062,215879,текущий_месяц,13
1063,215879,предыдцщий_месяц,22
1064,215880,предыдцщий_месяц,15
1065,215880,текущий_месяц,11
1066,215881,предыдцщий_месяц,17
1067,215881,текущий_месяц,13
1068,215882,предыдцщий_месяц,15
1069,215882,текущий_месяц,14
1070,215883,текущий_месяц,6
1071,215883,предыдцщий_месяц,18
1072,215884,предыдцщий_месяц,13
1073,215884,текущий_месяц,10
1074,215885,текущий_месяц,14
1075,215885,предыдцщий_месяц,13
1076,215886,текущий_месяц,16
1077,215886,предыдцщий_месяц,11
1078,215887,текущий_месяц,16
1079,215887,предыдцщий_месяц,17
1080,215888,текущий_месяц,16
1081,215888,предыдцщий_месяц,19
1082,215889,предыдцщий_месяц,18
1083,215889,текущий_месяц,18
1084,215890,текущий_месяц,12
1085,215890,предыдцщий_месяц,11
1086,215891,текущий_месяц,19
1087,215891,предыдцщий_месяц,15
1088,215892,текущий_месяц,13
1089,215892,предыдцщий_месяц,11
1090,215893,текущий_месяц,14
1091,215893,предыдцщий_месяц,22
1092,215894,текущий_месяц,22
1093,215894,предыдцщий_месяц,18
1094,215895,текущий_месяц,12
1095,215895,предыдцщий_месяц,11
1096,215896,предыдцщий_месяц,13
1097,215896,текущий_месяц,9
1098,215897,предыдцщий_месяц,17
1099,215897,текущий_месяц,12
1100,215898,текущий_месяц,11
1101,215898,предыдцщий_месяц,18
1102,215899,предыдцщий_месяц,11
1103,215899,текущий_месяц,18
1104,215900,предыдцщий_месяц,13
1105,215900,текущий_месяц,14
1106,215901,текущий_месяц,20
1107,215901,предыдцщий_месяц,18
1108,215902,предыдцщий_месяц,17
1109,215902,текущий_месяц,8
1110,215903,текущий_месяц,6
1111,215903,предыдцщий_месяц,16
1112,215904,предыдцщий_месяц,18
1113,215904,текущий_месяц,19
1114,215905,предыдцщий_месяц,18
1115,215905,текущий_месяц,20
1116,215906,текущий_месяц,14
1117,215906,предыдцщий_месяц,13
1118,215907,предыдцщий_месяц,14
1119,215907,текущий_месяц,11
1120,215908,предыдцщий_месяц,10
1121,215908,текущий_месяц,12
1122,215909,предыдцщий_месяц,19
1123,215909,текущий_месяц,14
1124,215910,текущий_месяц,17
1125,215910,предыдцщий_месяц,11
1126,215911,текущий_месяц,14
1127,215911,предыдцщий_месяц,18
1128,215912,текущий_месяц,13
1129,215912,предыдцщий_месяц,12
1130,215913,текущий_месяц,12
1131,215913,предыдцщий_месяц,16
1132,215914,текущий_месяц,15
1133,215914,предыдцщий_месяц,13
1134,215915,текущий_месяц,16
1135,215915,предыдцщий_месяц,15
1136,215916,текущий_месяц,12
1137,215916,предыдцщий_месяц,18
1138,215917,текущий_месяц,14
1139,215917,предыдцщий_месяц,10
1140,215918,текущий_месяц,16
1141,215918,предыдцщий_месяц,15
1142,215919,текущий_месяц,17
1143,215919,предыдцщий_месяц,17
1144,215920,текущий_месяц,11
1145,215920,предыдцщий_месяц,14
1146,215921,предыдцщий_месяц,20
1147,215921,текущий_месяц,12
1148,215922,предыдцщий_месяц,14
1149,215922,текущий_месяц,9
1150,215923,текущий_месяц,14
1151,215923,предыдцщий_месяц,11
1152,215924,текущий_месяц,14
1153,215924,предыдцщий_месяц,13
1154,215925,текущий_месяц,12
1155,215925,предыдцщий_месяц,23
1156,215926,предыдцщий_месяц,18
1157,215926,текущий_месяц,12
1158,215927,текущий_месяц,9
1159,215927,предыдцщий_месяц,17
1160,215928,предыдцщий_месяц,18
1161,215928,текущий_месяц,12
1162,215929,текущий_месяц,19
1163,215929,предыдцщий_месяц,15
1164,215930,текущий_месяц,21
1165,215930,предыдцщий_месяц,12
1166,215931,текущий_месяц,9
1167,215931,предыдцщий_месяц,11
1168,215932,текущий_месяц,6
1169,215932,предыдцщий_месяц,11
1170,215933,предыдцщий_месяц,11
1171,215933,текущий_месяц,10
1172,215934,предыдцщий_месяц,15
1173,215934,текущий_месяц,18
1174,215935,предыдцщий_месяц,15
1175,215935,текущий_месяц,19
1176,215936,текущий_месяц,17
1177,215936,предыдцщий_месяц,17
1178,215937,предыдцщий_месяц,10
1179,215937,текущий_месяц,16
1180,215938,предыдцщий_месяц,15
1181,215938,текущий_месяц,13
1182,215939,предыдцщий_месяц,15
1183,215939,текущий_месяц,22
1184,215940,предыдцщий_месяц,13
1185,215940,текущий_месяц,18
1186,215941,текущий_месяц,18
1187,215941,предыдцщий_месяц,21
1188,215942,текущий_месяц,19
1189,215942,предыдцщий_месяц,15
1190,215943,предыдцщий_месяц,15
1191,215943,текущий_месяц,14
1192,215944,текущий_месяц,16
1193,215944,предыдцщий_месяц,19
1194,215945,текущий_месяц,23
1195,215945,предыдцщий_месяц,19
1196,215946,текущий_месяц,14
1197,215946,предыдцщий_месяц,14
1198,215947,текущий_месяц,13
1199,215947,предыдцщий_месяц,14
1200,215948,текущий_месяц,12
1201,215948,предыдцщий_месяц,12
1202,215949,предыдцщий_месяц,12
1203,215949,текущий_месяц,18
1204,215950,предыдцщий_месяц,11
1205,215950,текущий_месяц,13
1206,215951,предыдцщий_месяц,13
1207,215951,текущий_месяц,18
1208,215952,текущий_месяц,13
1209,215952,предыдцщий_месяц,13
1210,215953,предыдцщий_месяц,17
1211,215953,текущий_месяц,16
1212,215954,текущий_месяц,20
1213,215954,предыдцщий_месяц,20
1214,215955,предыдцщий_месяц,13
1215,215955,текущий_месяц,15
1216,215956,предыдцщий_месяц,17
1217,215956,текущий_месяц,14
1218,215957,предыдцщий_месяц,16
1219,215957,текущий_месяц,21
1220,215958,предыдцщий_месяц,17
1221,215958,текущий_месяц,13
1222,215959,предыдцщий_месяц,13
1223,215959,текущий_месяц,11
1224,215960,предыдцщий_месяц,13
1225,215960,текущий_месяц,8
1226,215961,предыдцщий_месяц,12
1227,215961,текущий_месяц,19
1228,215962,текущий_месяц,12
1229,215962,предыдцщий_месяц,19
1230,215963,предыдцщий_месяц,17
1231,215963,текущий_месяц,17
1232,215964,предыдцщий_месяц,19
1233,215964,текущий_месяц,11
1234,215965,текущий_месяц,18
1235,215965,предыдцщий_месяц,16
1236,215966,текущий_месяц,12
1237,215966,предыдцщий_месяц,14
1238,215967,текущий_месяц,22
1239,215967,предыдцщий_месяц,8
1240,215968,предыдцщий_месяц,13
1241,215968,текущий_месяц,19
1242,215969,предыдцщий_месяц,12
1243,215969,текущий_месяц,10
1244,215970,текущий_месяц,14
1245,215970,предыдцщий_месяц,12
1246,215971,текущий_месяц,14
1247,215971,предыдцщий_месяц,17
1248,215972,текущий_месяц,20
1249,215972,предыдцщий_месяц,23
1250,215973,текущий_месяц,16
1251,215973,предыдцщий_месяц,17
1252,215974,предыдцщий_месяц,19
1253,215974,текущий_месяц,7
1254,215975,предыдцщий_месяц,19
1255,215975,текущий_месяц,18
1256,215976,текущий_месяц,14
1257,215976,предыдцщий_месяц,19
1258,215977,предыдцщий_месяц,14
1259,215977,текущий_месяц,9
1260,215978,текущий_месяц,15
1261,215978,предыдцщий_месяц,15
1262,215979,текущий_месяц,12
1263,215979,предыдцщий_месяц,19
1264,215980,предыдцщий_месяц,13
1265,215980,текущий_месяц,12
1266,215981,предыдцщий_месяц,14
1267,215981,текущий_месяц,15
1268,215982,текущий_месяц,19
1269,215982,предыдцщий_месяц,19
1270,215983,текущий_месяц,7
1271,215983,предыдцщий_месяц,13
1272,215984,текущий_месяц,14
1273,215984,предыдцщий_месяц,15
1274,215985,текущий_месяц,11
1275,215985,предыдцщий_месяц,12
1276,215986,текущий_месяц,10
1277,215986,предыдцщий_месяц,17
1278,215987,предыдцщий_месяц,14
1279,215987,текущий_месяц,15
1280,215988,предыдцщий_месяц,16
1281,215988,текущий_месяц,19
1282,215989,предыдцщий_месяц,20
1283,215989,текущий_месяц,20
1284,215990,предыдцщий_месяц,13
1285,215990,текущий_месяц,16
1286,215991,предыдцщий_месяц,17
1287,215991,текущий_месяц,20
1288,215992,предыдцщий_месяц,10
1289,215992,текущий_месяц,19
1290,215993,текущий_месяц,16
1291,215993,предыдцщий_месяц,18
1292,215994,текущий_месяц,10
1293,215994,предыдцщий_месяц,15
1294,215995,текущий_месяц,11
1295,215995,предыдцщий_месяц,20
1296,215996,предыдцщий_месяц,11
1297,215996,текущий_месяц,22
1298,215997,предыдцщий_месяц,21
1299,215997,текущий_месяц,15
1300,215998,предыдцщий_месяц,12
1301,215998,текущий_месяц,21
1302,215999,предыдцщий_месяц,14
1303,215999,текущий_месяц,11
1304,216000,текущий_месяц,14
1305,216000,предыдцщий_месяц,15
1306,216001,текущий_месяц,13
1307,216001,предыдцщий_месяц,12
1308,216002,предыдцщий_месяц,18
1309,216002,текущий_месяц,19
1310,216003,предыдцщий_месяц,17
1311,216003,текущий_месяц,23
1312,216004,предыдцщий_месяц,20
1313,216004,текущий_месяц,17
1314,216005,предыдцщий_месяц,17
1315,216005,текущий_месяц,13
1316,216006,текущий_месяц,11
1317,216006,предыдцщий_месяц,15
1318,216007,текущий_месяц,4
1319,216007,предыдцщий_месяц,12
1320,216008,текущий_месяц,8
1321,216008,предыдцщий_месяц,8
1322,216009,текущий_месяц,17
1323,216009,предыдцщий_месяц,13
1324,216010,предыдцщий_месяц,17
1325,216010,текущий_месяц,10
1326,216011,предыдцщий_месяц,12
1327,216011,текущий_месяц,10
1328,216012,текущий_месяц,18
1329,216012,предыдцщий_месяц,13
1330,216013,предыдцщий_месяц,13
1331,216013,текущий_месяц,13
1332,216014,текущий_месяц,16
1333,216014,предыдцщий_месяц,19
1334,216015,текущий_месяц,19
1335,216015,предыдцщий_месяц,15
1336,216016,предыдцщий_месяц,17
1337,216016,текущий_месяц,12
1338,216017,текущий_месяц,10
1339,216017,предыдцщий_месяц,16
1340,216018,текущий_месяц,11
1341,216018,предыдцщий_месяц,18
1342,216019,текущий_месяц,16
1343,216019,предыдцщий_месяц,15
1344,216020,текущий_месяц,15
1345,216020,предыдцщий_месяц,8
1346,216021,текущий_месяц,8
1347,216021,предыдцщий_месяц,16
1348,216022,текущий_месяц,11
1349,216022,предыдцщий_месяц,18
1350,216023,текущий_месяц,15
1351,216023,предыдцщий_месяц,16
1352,216024,текущий_месяц,14
1353,216024,предыдцщий_месяц,20
1354,216025,текущий_месяц,12
1355,216025,предыдцщий_месяц,8
1356,216026,текущий_месяц,15
1357,216026,предыдцщий_месяц,14
1358,216027,предыдцщий_месяц,20
1359,216027,текущий_месяц,21
1360,216028,предыдцщий_месяц,10
1361,216028,текущий_месяц,20
1362,216029,предыдцщий_месяц,17
1363,216029,текущий_месяц,15
1364,216030,предыдцщий_месяц,15
1365,216030,текущий_месяц,14
1366,216031,предыдцщий_месяц,20
1367,216031,текущий_месяц,11
1368,216032,предыдцщий_месяц,19
1369,216032,текущий_месяц,19
1370,216033,текущий_месяц,16
1371,216033,предыдцщий_месяц,15
1372,216034,текущий_месяц,14
1373,216034,предыдцщий_месяц,15
1374,216035,предыдцщий_месяц,16
1375,216035,текущий_месяц,13
1376,216036,текущий_месяц,9
1377,216036,предыдцщий_месяц,14
1378,216037,текущий_месяц,18
1379,216037,предыдцщий_месяц,8
1380,216038,предыдцщий_месяц,18
1381,216038,текущий_месяц,11
1382,216039,предыдцщий_месяц,16
1383,216039,текущий_месяц,17
1384,216040,предыдцщий_месяц,14
1385,216040,текущий_месяц,6
1386,216041,текущий_месяц,8
1387,216041,предыдцщий_месяц,13
1388,216042,предыдцщий_месяц,17
1389,216042,текущий_месяц,17
1390,216043,текущий_месяц,12
1391,216043,предыдцщий_месяц,17
1392,216044,предыдцщий_месяц,16
1393,216044,текущий_месяц,13
1394,216045,предыдцщий_месяц,13
1395,216045,текущий_месяц,11
1396,216046,предыдцщий_месяц,21
1397,216046,текущий_месяц,20
1398,216047,предыдцщий_месяц,16
1399,216047,текущий_месяц,18
1400,216048,текущий_месяц,20
1401,216048,предыдцщий_месяц,15
1402,216049,предыдцщий_месяц,15
1403,216049,текущий_месяц,16
1404,216050,предыдцщий_месяц,14
1405,216050,текущий_месяц,16
1406,216051,предыдцщий_месяц,18
1407,216051,текущий_месяц,14
1408,216052,текущий_месяц,18
1409,216052,предыдцщий_месяц,12
1410,216053,текущий_месяц,19
1411,216053,предыдцщий_месяц,12
1412,216054,текущий_месяц,11
1413,216054,предыдцщий_месяц,15
1414,216055,текущий_месяц,9
1415,216055,предыдцщий_месяц,16
1416,216056,предыдцщий_месяц,10
1417,216056,текущий_месяц,16
1418,216057,предыдцщий_месяц,8
1419,216057,текущий_месяц,8
1420,216058,текущий_месяц,14
1421,216058,предыдцщий_месяц,12
1422,216059,текущий_месяц,6
1423,216059,предыдцщий_месяц,15
1424,216060,текущий_месяц,14
1425,216060,предыдцщий_месяц,19
1426,216061,текущий_месяц,15
1427,216061,предыдцщий_месяц,10
1428,216062,предыдцщий_месяц,13
1429,216062,текущий_месяц,9
1430,216063,предыдцщий_месяц,15
1431,216063,текущий_месяц,22
1432,216064,текущий_месяц,18
1433,216064,предыдцщий_месяц,20
1434,216065,предыдцщий_месяц,14
1435,216065,текущий_месяц,12
1436,216066,предыдцщий_месяц,12
1437,216066,текущий_месяц,9
1438,216067,предыдцщий_месяц,18
1439,216067,текущий_месяц,14
1440,216068,предыдцщий_месяц,17
1441,216068,текущий_месяц,9
1442,216069,предыдцщий_месяц,18
1443,216069,текущий_месяц,11
1444,216070,предыдцщий_месяц,19
1445,216070,текущий_месяц,21
1446,216071,предыдцщий_месяц,16
1447,216071,текущий_месяц,11
1448,216072,текущий_месяц,15
1449,216072,предыдцщий_месяц,9
1450,216073,предыдцщий_месяц,9
1451,216073,текущий_месяц,20
1452,216074,предыдцщий_месяц,18
1453,216074,текущий_месяц,12
1454,216075,предыдцщий_месяц,19
1455,216075,текущий_месяц,17
1456,216076,предыдцщий_месяц,15
1457,216076,текущий_месяц,14
1458,216077,предыдцщий_месяц,11
1459,216077,текущий_месяц,13
1460,216078,предыдцщий_месяц,12
1461,216078,текущий_месяц,21
1462,216079,предыдцщий_месяц,16
1463,216079,текущий_месяц,10
1464,216080,предыдцщий_месяц,12
1465,216080,текущий_месяц,18
1466,216081,предыдцщий_месяц,18
1467,216081,текущий_месяц,10
1468,216082,предыдцщий_месяц,14
1469,216082,текущий_месяц,14
1470,216083,предыдцщий_месяц,20
1471,216083,текущий_месяц,11
1472,216084,предыдцщий_месяц,15
1473,216084,текущий_месяц,17
1474,216085,предыдцщий_месяц,11
1475,216085,текущий_месяц,15
1476,216086,предыдцщий_месяц,16
1477,216086,текущий_месяц,15
1478,216087,предыдцщий_месяц,14
1479,216087,текущий_месяц,13
1480,216088,текущий_месяц,21
1481,216088,предыдцщий_месяц,15
1482,216089,текущий_месяц,6
1483,216089,предыдцщий_месяц,7
1484,216090,предыдцщий_месяц,10
1485,216090,текущий_месяц,18
1486,216091,текущий_месяц,13
1487,216091,предыдцщий_месяц,12
1488,216092,текущий_месяц,20
1489,216092,предыдцщий_месяц,17
1490,216093,текущий_месяц,15
1491,216093,предыдцщий_месяц,20
1492,216094,текущий_месяц,14
1493,216094,предыдцщий_месяц,12
1494,216095,текущий_месяц,14
1495,216095,предыдцщий_месяц,17
1496,216096,текущий_месяц,14
1497,216096,предыдцщий_месяц,19
1498,216097,текущий_месяц,6
1499,216097,предыдцщий_месяц,15
1500,216098,предыдцщий_месяц,15
1501,216098,текущий_месяц,13
1502,216099,предыдцщий_месяц,20
1503,216099,текущий_месяц,14
1504,216100,текущий_месяц,12
1505,216100,предыдцщий_месяц,11
1506,216101,текущий_месяц,11
1507,216101,предыдцщий_месяц,15
1508,216102,предыдцщий_месяц,15
1509,216102,текущий_месяц,22
1510,216103,текущий_месяц,12
1511,216103,предыдцщий_месяц,15
1512,216104,предыдцщий_месяц,14
1513,216104,текущий_месяц,17
1514,216105,предыдцщий_месяц,11
1515,216105,текущий_месяц,13
1516,216106,текущий_месяц,12
1517,216106,предыдцщий_месяц,14
1518,216107,предыдцщий_месяц,11
1519,216107,текущий_месяц,15
1520,216108,предыдцщий_месяц,20
1521,216108,текущий_месяц,20
1522,216109,предыдцщий_месяц,12
1523,216109,текущий_месяц,13
1524,216110,текущий_месяц,12
1525,216110,предыдцщий_месяц,18
1526,216111,предыдцщий_месяц,15
1527,216111,текущий_месяц,7
1528,216112,предыдцщий_месяц,15
1529,216112,текущий_месяц,15
1530,216113,текущий_месяц,20
1531,216113,предыдцщий_месяц,12
1532,216114,текущий_месяц,12
1533,216114,предыдцщий_месяц,20
1534,216115,текущий_месяц,9
1535,216115,предыдцщий_месяц,11
1536,216116,текущий_месяц,20
1537,216116,предыдцщий_месяц,15
1538,216117,текущий_месяц,9
1539,216117,предыдцщий_месяц,20
1540,216118,текущий_месяц,14
1541,216118,предыдцщий_месяц,11
1542,216119,текущий_месяц,8
1543,216119,предыдцщий_месяц,12
1544,216120,предыдцщий_месяц,18
1545,216120,текущий_месяц,13
1546,216121,предыдцщий_месяц,18
1547,216121,текущий_месяц,12
1548,216122,предыдцщий_месяц,11
1549,216122,текущий_месяц,13
1550,216123,текущий_месяц,11
1551,216123,предыдцщий_месяц,14
1552,216124,предыдцщий_месяц,13
1553,216124,текущий_месяц,18
1554,216125,текущий_месяц,16
1555,216125,предыдцщий_месяц,20
1556,216126,предыдцщий_месяц,18
1557,216126,текущий_месяц,10
1558,216127,текущий_месяц,17
1559,216127,предыдцщий_месяц,11
1560,216128,предыдцщий_месяц,12
1561,216128,текущий_месяц,17
1562,216129,текущий_месяц,13
1563,216129,предыдцщий_месяц,20
1564,216130,текущий_месяц,20
1565,216130,предыдцщий_месяц,18
1566,216131,текущий_месяц,23
1567,216131,предыдцщий_месяц,12
1568,216132,текущий_месяц,11
1569,216132,предыдцщий_месяц,9
1570,216133,предыдцщий_месяц,19
1571,216133,текущий_месяц,12
1572,216134,текущий_месяц,19
1573,216134,предыдцщий_месяц,8
1574,216135,текущий_месяц,15
1575,216135,предыдцщий_месяц,8
1576,216136,предыдцщий_месяц,16
1577,216136,текущий_месяц,13
1578,216137,предыдцщий_месяц,10
1579,216137,текущий_месяц,12
1580,216138,текущий_месяц,12
1581,216138,предыдцщий_месяц,20
1582,216139,текущий_месяц,18
1583,216139,предыдцщий_месяц,14
1584,216140,текущий_месяц,18
1585,216140,предыдцщий_месяц,10
1586,216141,предыдцщий_месяц,14
1587,216141,текущий_месяц,10
1588,216142,текущий_месяц,16
1589,216142,предыдцщий_месяц,13
1590,216143,текущий_месяц,12
1591,216143,предыдцщий_месяц,18
1592,216144,предыдцщий_месяц,19
1593,216144,текущий_месяц,11
1594,216145,текущий_месяц,17
1595,216145,предыдцщий_месяц,17
1596,216146,текущий_месяц,12
1597,216146,предыдцщий_месяц,11
1598,216147,текущий_месяц,10
1599,216147,предыдцщий_месяц,10
1600,216148,текущий_месяц,4
1601,216148,предыдцщий_месяц,10
1602,216149,предыдцщий_месяц,19
1603,216149,текущий_месяц,17
1604,216150,предыдцщий_месяц,10
1605,216150,текущий_месяц,10
1606,216151,предыдцщий_месяц,14
1607,216151,текущий_месяц,13
1608,216152,текущий_месяц,12
1609,216152,предыдцщий_месяц,21
1610,216153,текущий_месяц,17
1611,216153,предыдцщий_месяц,12
1612,216154,текущий_месяц,15
1613,216154,предыдцщий_месяц,13
1614,216155,текущий_месяц,21
1615,216155,предыдцщий_месяц,20
1616,216156,предыдцщий_месяц,12
1617,216156,текущий_месяц,16
1618,216157,предыдцщий_месяц,17
1619,216157,текущий_месяц,22
1620,216158,предыдцщий_месяц,12
1621,216158,текущий_месяц,16
1622,216159,текущий_месяц,21
1623,216159,предыдцщий_месяц,9
1624,216160,предыдцщий_месяц,13
1625,216160,текущий_месяц,7
1626,216161,текущий_месяц,17
1627,216161,предыдцщий_месяц,16
1628,216162,предыдцщий_месяц,13
1629,216162,текущий_месяц,18
1630,216163,текущий_месяц,9
1631,216163,предыдцщий_месяц,17
1632,216164,предыдцщий_месяц,20
1633,216164,текущий_месяц,12
1634,216165,предыдцщий_месяц,11
1635,216165,текущий_месяц,11
1636,216166,предыдцщий_месяц,13
1637,216166,текущий_месяц,17
1638,216167,предыдцщий_месяц,12
1639,216167,текущий_месяц,20
1640,216168,текущий_месяц,16
1641,216168,предыдцщий_месяц,22
1642,216169,текущий_месяц,18
1643,216169,предыдцщий_месяц,13
1644,216170,текущий_месяц,17
1645,216170,предыдцщий_месяц,11
1646,216171,предыдцщий_месяц,15
1647,216171,текущий_месяц,12
1648,216172,текущий_месяц,16
1649,216172,предыдцщий_месяц,16
1650,216173,предыдцщий_месяц,16
1651,216173,текущий_месяц,8
1652,216174,текущий_месяц,20
1653,216174,предыдцщий_месяц,13
1654,216175,текущий_месяц,12
1655,216175,предыдцщий_месяц,13
1656,216176,текущий_месяц,9
1657,216176,предыдцщий_месяц,18
1658,216177,текущий_месяц,18
1659,216177,предыдцщий_месяц,21
1660,216178,текущий_месяц,14
1661,216178,предыдцщий_месяц,19
1662,216179,текущий_месяц,18
1663,216179,предыдцщий_месяц,18
1664,216180,текущий_месяц,19
1665,216180,предыдцщий_месяц,12
1666,216181,предыдцщий_месяц,19
1667,216181,текущий_месяц,16
1668,216182,текущий_месяц,6
1669,216182,предыдцщий_месяц,14
1670,216183,текущий_месяц,13
1671,216183,предыдцщий_месяц,17
1672,216184,предыдцщий_месяц,14
1673,216184,текущий_месяц,13
1674,216185,предыдцщий_месяц,10
1675,216185,текущий_месяц,14
1676,216186,текущий_месяц,17
1677,216186,предыдцщий_месяц,11
1678,216187,предыдцщий_месяц,14
1679,216187,текущий_месяц,18
1680,216188,предыдцщий_месяц,13
1681,216188,текущий_месяц,15
1682,216189,предыдцщий_месяц,17
1683,216189,текущий_месяц,12
1684,216190,предыдцщий_месяц,21
1685,216190,текущий_месяц,19
1686,216191,предыдцщий_месяц,16
1687,216191,текущий_месяц,11
1688,216192,предыдцщий_месяц,11
1689,216192,текущий_месяц,9
1690,216193,предыдцщий_месяц,14
1691,216193,текущий_месяц,7
1692,216194,предыдцщий_месяц,16
1693,216194,текущий_месяц,20
1694,216195,текущий_месяц,20
1695,216195,предыдцщий_месяц,11
1696,216196,предыдцщий_месяц,21
1697,216196,текущий_месяц,15
1698,216197,текущий_месяц,21
1699,216197,предыдцщий_месяц,17
1700,216198,текущий_месяц,15
1701,216198,предыдцщий_месяц,9
1702,216199,предыдцщий_месяц,15
1703,216199,текущий_месяц,11
1704,216200,текущий_месяц,22
1705,216200,предыдцщий_месяц,15
1706,216201,предыдцщий_месяц,15
1707,216201,текущий_месяц,13
1708,216202,предыдцщий_месяц,14
1709,216202,текущий_месяц,21
1710,216203,предыдцщий_месяц,18
1711,216203,текущий_месяц,15
1712,216204,предыдцщий_месяц,20
1713,216204,текущий_месяц,11
1714,216205,предыдцщий_месяц,16
1715,216205,текущий_месяц,11
1716,216206,предыдцщий_месяц,17
1717,216206,текущий_месяц,9
1718,216207,текущий_месяц,21
1719,216207,предыдцщий_месяц,9
1720,216208,текущий_месяц,20
1721,216208,предыдцщий_месяц,19
1722,216209,текущий_месяц,18
1723,216209,предыдцщий_месяц,16
1724,216210,предыдцщий_месяц,21
1725,216210,текущий_месяц,15
1726,216211,текущий_месяц,17
1727,216211,предыдцщий_месяц,14
1728,216212,предыдцщий_месяц,12
1729,216212,текущий_месяц,17
1730,216213,предыдцщий_месяц,15
1731,216213,текущий_месяц,16
1732,216214,предыдцщий_месяц,14
1733,216214,текущий_месяц,16
1734,216215,текущий_месяц,14
1735,216215,предыдцщий_месяц,14
1736,216216,текущий_месяц,14
1737,216216,предыдцщий_месяц,15
1738,216217,предыдцщий_месяц,14
1739,216217,текущий_месяц,14
1740,216218,предыдцщий_месяц,7
1741,216218,текущий_месяц,12
1742,216219,предыдцщий_месяц,13
1743,216219,текущий_месяц,20
1744,216220,предыдцщий_месяц,12
1745,216220,текущий_месяц,16
1746,216221,текущий_месяц,15
1747,216221,предыдцщий_месяц,14
1748,216222,предыдцщий_месяц,13
1749,216222,текущий_месяц,12
1750,216223,текущий_месяц,20
1751,216223,предыдцщий_месяц,11
1752,216224,текущий_месяц,14
1753,216224,предыдцщий_месяц,19
1754,216225,предыдцщий_месяц,12
1755,216225,текущий_месяц,18
1756,216226,предыдцщий_месяц,8
1757,216226,текущий_месяц,12
1758,216227,предыдцщий_месяц,12
1759,216227,текущий_месяц,22
1760,216228,текущий_месяц,18
1761,216228,предыдцщий_месяц,16
1762,216229,предыдцщий_месяц,16
1763,216229,текущий_месяц,19
1764,216230,текущий_месяц,8
1765,216230,предыдцщий_месяц,18
1766,216231,предыдцщий_месяц,15
1767,216231,текущий_месяц,12
1768,216232,текущий_месяц,19
1769,216232,предыдцщий_месяц,11
1770,216233,предыдцщий_месяц,15
1771,216233,текущий_месяц,17
1772,216234,предыдцщий_месяц,17
1773,216234,текущий_месяц,15
1774,216235,текущий_месяц,15
1775,216235,предыдцщий_месяц,18
1776,216236,текущий_месяц,10
1777,216236,предыдцщий_месяц,14
1778,216237,предыдцщий_месяц,17
1779,216237,текущий_месяц,13
1780,216238,предыдцщий_месяц,18
1781,216238,текущий_месяц,16
1782,216239,текущий_месяц,14
1783,216239,предыдцщий_месяц,18
1784,216240,текущий_месяц,15
1785,216240,предыдцщий_месяц,22
1786,216241,текущий_месяц,11
1787,216241,предыдцщий_месяц,10
1788,216242,текущий_месяц,14
1789,216242,предыдцщий_месяц,13
1790,216243,текущий_месяц,19
1791,216243,предыдцщий_месяц,12
1792,216244,текущий_месяц,16
1793,216244,предыдцщий_месяц,12
1794,216245,предыдцщий_месяц,18
1795,216245,текущий_месяц,14
1796,216246,предыдцщий_месяц,14
1797,216246,текущий_месяц,12
1798,216247,предыдцщий_месяц,17
1799,216247,текущий_месяц,16
1800,216248,текущий_месяц,18
1801,216248,предыдцщий_месяц,12
1802,216249,текущий_месяц,16
1803,216249,предыдцщий_месяц,19
1804,216250,текущий_месяц,15
1805,216250,предыдцщий_месяц,19
1806,216251,текущий_месяц,9
1807,216251,предыдцщий_месяц,10
1808,216252,текущий_месяц,16
1809,216252,предыдцщий_месяц,11
1810,216253,предыдцщий_месяц,14
1811,216253,текущий_месяц,13
1812,216254,текущий_месяц,16
1813,216254,предыдцщий_месяц,15
1814,216255,текущий_месяц,14
1815,216255,предыдцщий_месяц,22
1816,216256,текущий_месяц,9
1817,216256,предыдцщий_месяц,13
1818,216257,предыдцщий_месяц,19
1819,216257,текущий_месяц,11
1820,216258,предыдцщий_месяц,13
1821,216258,текущий_месяц,15
1822,216259,предыдцщий_месяц,15
1823,216259,текущий_месяц,9
1824,216260,текущий_месяц,18
1825,216260,предыдцщий_месяц,21
1826,216261,предыдцщий_месяц,15
1827,216261,текущий_месяц,18
1828,216262,текущий_месяц,15
1829,216262,предыдцщий_месяц,15
1830,216263,текущий_месяц,12
1831,216263,предыдцщий_месяц,19
1832,216264,текущий_месяц,11
1833,216264,предыдцщий_месяц,17
1834,216265,текущий_месяц,13
1835,216265,предыдцщий_месяц,15
1836,216266,текущий_месяц,18
1837,216266,предыдцщий_месяц,18
1838,216267,предыдцщий_месяц,13
1839,216267,текущий_месяц,15
1840,216268,предыдцщий_месяц,17
1841,216268,текущий_месяц,16
1842,216269,предыдцщий_месяц,18
1843,216269,текущий_месяц,18
1844,216270,текущий_месяц,12
1845,216270,предыдцщий_месяц,14
1846,216271,текущий_месяц,13
1847,216271,предыдцщий_месяц,9
1848,216272,предыдцщий_месяц,8
1849,216272,текущий_месяц,14
1850,216273,предыдцщий_месяц,17
1851,216273,текущий_месяц,14
1852,216274,предыдцщий_месяц,13
1853,216274,текущий_месяц,18
1854,216275,текущий_месяц,21
1855,216275,предыдцщий_месяц,13
1856,216276,предыдцщий_месяц,8
1857,216276,текущий_месяц,16
1858,216277,предыдцщий_месяц,9
1859,216277,текущий_месяц,14
1860,216278,предыдцщий_месяц,19
1861,216278,текущий_месяц,16
1862,216279,предыдцщий_месяц,19
1863,216279,текущий_месяц,13
1864,216280,предыдцщий_месяц,17
1865,216280,текущий_месяц,9
1866,216281,предыдцщий_месяц,10
1867,216281,текущий_месяц,12
1868,216282,предыдцщий_месяц,18
1869,216282,текущий_месяц,21
1870,216283,предыдцщий_месяц,16
1871,216283,текущий_месяц,10
1872,216284,предыдцщий_месяц,12
1873,216284,текущий_месяц,16
1874,216285,предыдцщий_месяц,14
1875,216285,текущий_месяц,22
1876,216286,текущий_месяц,6
1877,216286,предыдцщий_месяц,15
1878,216287,предыдцщий_месяц,14
1879,216287,текущий_месяц,10
1880,216288,предыдцщий_месяц,13
1881,216288,текущий_месяц,16
1882,216289,предыдцщий_месяц,12
1883,216289,текущий_месяц,12
1884,216290,предыдцщий_месяц,12
1885,216290,текущий_месяц,12
1886,216291,предыдцщий_месяц,12
1887,216291,текущий_месяц,12
1888,216292,предыдцщий_месяц,18
1889,216292,текущий_месяц,8
1890,216293,текущий_месяц,10
1891,216293,предыдцщий_месяц,19
1892,216294,текущий_месяц,19
1893,216294,предыдцщий_месяц,15
1894,216295,текущий_месяц,9
1895,216295,предыдцщий_месяц,12
1896,216296,текущий_месяц,13
1897,216296,предыдцщий_месяц,10
1898,216297,текущий_месяц,15
1899,216297,предыдцщий_месяц,15
1900,216298,предыдцщий_месяц,20
1901,216298,текущий_месяц,14
1902,216299,текущий_месяц,15
1903,216299,предыдцщий_месяц,9
1904,216300,текущий_месяц,16
1905,216300,предыдцщий_месяц,14
1906,216301,текущий_месяц,13
1907,216301,предыдцщий_месяц,17
1908,216302,текущий_месяц,18
1909,216302,предыдцщий_месяц,15
1910,216303,предыдцщий_месяц,20
1911,216303,текущий_месяц,18
1912,216304,текущий_месяц,11
1913,216304,предыдцщий_месяц,20
1914,216305,предыдцщий_месяц,17
1915,216305,текущий_месяц,18
1916,216306,предыдцщий_месяц,13
1917,216306,текущий_месяц,7
1918,216307,предыдцщий_месяц,20
1919,216307,текущий_месяц,11
1920,216308,предыдцщий_месяц,15
1921,216308,текущий_месяц,16
1922,216309,текущий_месяц,14
1923,216309,предыдцщий_месяц,22
1924,216310,текущий_месяц,14
1925,216310,предыдцщий_месяц,18
1926,216311,текущий_месяц,9
1927,216311,предыдцщий_месяц,12
1928,216312,текущий_месяц,14
1929,216312,предыдцщий_месяц,17
1930,216313,текущий_месяц,13
1931,216313,предыдцщий_месяц,14
1932,216314,текущий_месяц,8
1933,216314,предыдцщий_месяц,10
1934,216315,текущий_месяц,14
1935,216315,предыдцщий_месяц,11
1936,216316,текущий_месяц,19
1937,216316,предыдцщий_месяц,14
1938,216317,текущий_месяц,17
1939,216317,предыдцщий_месяц,16
1940,216318,предыдцщий_месяц,21
1941,216318,текущий_месяц,16
1942,216319,текущий_месяц,15
1943,216319,предыдцщий_месяц,17
1944,216320,предыдцщий_месяц,12
1945,216320,текущий_месяц,17
1946,216321,предыдцщий_месяц,10
1947,216321,текущий_месяц,9
1948,216322,предыдцщий_месяц,15
1949,216322,текущий_месяц,17
1950,216323,текущий_месяц,14
1951,216323,предыдцщий_месяц,14
1952,216324,предыдцщий_месяц,19
1953,216324,текущий_месяц,20
1954,216325,предыдцщий_месяц,16
1955,216325,текущий_месяц,15
1956,216326,текущий_месяц,16
1957,216326,предыдцщий_месяц,15
1958,216327,текущий_месяц,20
1959,216327,предыдцщий_месяц,15
1960,216328,текущий_месяц,19
1961,216328,предыдцщий_месяц,20
1962,216329,текущий_месяц,14
1963,216329,предыдцщий_месяц,14
1964,216330,текущий_месяц,13
1965,216330,предыдцщий_месяц,14
1966,216331,текущий_месяц,14
1967,216331,предыдцщий_месяц,13
1968,216332,предыдцщий_месяц,11
1969,216332,текущий_месяц,18
1970,216333,предыдцщий_месяц,19
1971,216333,текущий_месяц,16
1972,216334,текущий_месяц,17
1973,216334,предыдцщий_месяц,15
1974,216335,текущий_месяц,22
1975,216335,предыдцщий_месяц,16
1976,216336,текущий_месяц,22
1977,216336,предыдцщий_месяц,17
1978,216337,предыдцщий_месяц,13
1979,216337,текущий_месяц,10
1980,216338,текущий_месяц,12
1981,216338,предыдцщий_месяц,13
1982,216339,предыдцщий_месяц,18
1983,216339,текущий_месяц,11
1984,216340,предыдцщий_месяц,14
1985,216340,текущий_месяц,22
1986,216341,текущий_месяц,14
1987,216341,предыдцщий_месяц,13
1988,216342,текущий_месяц,16
1989,216342,предыдцщий_месяц,14
1990,216343,текущий_месяц,20
1991,216343,предыдцщий_месяц,14
1992,216344,текущий_месяц,9
1993,216344,предыдцщий_месяц,17
1994,216345,текущий_месяц,14
1995,216345,предыдцщий_месяц,21
1996,216346,предыдцщий_месяц,15
1997,216346,текущий_месяц,10
1998,216347,предыдцщий_месяц,21
1999,216347,текущий_месяц,16
2000,216348,текущий_месяц,14
2001,216348,предыдцщий_месяц,16
2002,216349,предыдцщий_месяц,13
2003,216349,текущий_месяц,11
2004,216350,текущий_месяц,16
2005,216350,предыдцщий_месяц,16
2006,216351,предыдцщий_месяц,11
2007,216351,текущий_месяц,12
2008,216352,текущий_месяц,13
2009,216352,предыдцщий_месяц,19
2010,216353,предыдцщий_месяц,9
2011,216353,текущий_месяц,18
2012,216354,предыдцщий_месяц,16
2013,216354,текущий_месяц,20
2014,216355,предыдцщий_месяц,20
2015,216355,текущий_месяц,5
2016,216356,предыдцщий_месяц,13
2017,216356,текущий_месяц,6
2018,216357,предыдцщий_месяц,16
2019,216357,текущий_месяц,15
2020,216358,текущий_месяц,17
2021,216358,предыдцщий_месяц,17
2022,216359,предыдцщий_месяц,15
2023,216359,текущий_месяц,17
2024,216360,предыдцщий_месяц,16
2025,216360,текущий_месяц,13
2026,216361,предыдцщий_месяц,18
2027,216361,текущий_месяц,16
2028,216362,текущий_месяц,17
2029,216362,предыдцщий_месяц,14
2030,216363,текущий_месяц,20
2031,216363,предыдцщий_месяц,17
2032,216364,предыдцщий_месяц,13
2033,216364,текущий_месяц,12
2034,216365,текущий_месяц,16
2035,216365,предыдцщий_месяц,17
2036,216366,предыдцщий_месяц,13
2037,216366,текущий_месяц,14
2038,216367,предыдцщий_месяц,19
2039,216367,текущий_месяц,17
2040,216368,предыдцщий_месяц,16
2041,216368,текущий_месяц,19
2042,216369,предыдцщий_месяц,16
2043,216369,текущий_месяц,17
2044,216370,текущий_месяц,10
2045,216370,предыдцщий_месяц,15
2046,216371,предыдцщий_месяц,14
2047,216371,текущий_месяц,10
2048,216372,предыдцщий_месяц,15
2049,216372,текущий_месяц,14
2050,216373,предыдцщий_месяц,10
2051,216373,текущий_месяц,7
2052,216374,предыдцщий_месяц,11
2053,216374,текущий_месяц,13
2054,216375,предыдцщий_месяц,12
2055,216375,текущий_месяц,19
2056,216376,текущий_месяц,20
2057,216376,предыдцщий_месяц,14
2058,216377,текущий_месяц,19
2059,216377,предыдцщий_месяц,20
2060,216378,текущий_месяц,16
2061,216378,предыдцщий_месяц,14
2062,216379,предыдцщий_месяц,13
2063,216379,текущий_месяц,13
2064,216380,текущий_месяц,11
2065,216380,предыдцщий_месяц,9
2066,216381,предыдцщий_месяц,13
2067,216381,текущий_месяц,4
2068,216382,текущий_месяц,21
2069,216382,предыдцщий_месяц,19
2070,216383,предыдцщий_месяц,19
2071,216383,текущий_месяц,7
2072,216384,текущий_месяц,17
2073,216384,предыдцщий_месяц,9
2074,216385,текущий_месяц,14
2075,216385,предыдцщий_месяц,15
2076,216386,текущий_месяц,19
2077,216386,предыдцщий_месяц,16
2078,216387,текущий_месяц,13
2079,216387,предыдцщий_месяц,18
2080,216388,текущий_месяц,12
2081,216388,предыдцщий_месяц,20
2082,216389,предыдцщий_месяц,17
2083,216389,текущий_месяц,13
2084,216390,текущий_месяц,12
2085,216390,предыдцщий_месяц,11
2086,216391,предыдцщий_месяц,11
2087,216391,текущий_месяц,16
2088,216392,предыдцщий_месяц,20
2089,216392,текущий_месяц,9
2090,216393,предыдцщий_месяц,17
2091,216393,текущий_месяц,10
2092,216394,текущий_месяц,15
2093,216394,предыдцщий_месяц,12
2094,216395,текущий_месяц,21
2095,216395,предыдцщий_месяц,16
2096,216396,текущий_месяц,17
2097,216396,предыдцщий_месяц,14
2098,216397,предыдцщий_месяц,14
2099,216397,текущий_месяц,11
2100,216398,текущий_месяц,19
2101,216398,предыдцщий_месяц,15
2102,216399,текущий_месяц,9
2103,216399,предыдцщий_месяц,15
2104,216400,предыдцщий_месяц,15
2105,216400,текущий_месяц,21
2106,216401,текущий_месяц,17
2107,216401,предыдцщий_месяц,19
2108,216402,текущий_месяц,14
2109,216402,предыдцщий_месяц,18
2110,216403,текущий_месяц,16
2111,216403,предыдцщий_месяц,13
2112,216404,текущий_месяц,22
2113,216404,предыдцщий_месяц,13
2114,216405,предыдцщий_месяц,17
2115,216405,текущий_месяц,21
2116,216406,предыдцщий_месяц,20
2117,216406,текущий_месяц,15
2118,216407,предыдцщий_месяц,13
2119,216407,текущий_месяц,12
2120,216408,текущий_месяц,22
2121,216408,предыдцщий_месяц,16
2122,216409,текущий_месяц,14
2123,216409,предыдцщий_месяц,16
2124,216410,текущий_месяц,23
2125,216410,предыдцщий_месяц,21
2126,216411,текущий_месяц,15
2127,216411,предыдцщий_месяц,17
2128,216412,предыдцщий_месяц,14
2129,216412,текущий_месяц,16
2130,216413,предыдцщий_месяц,11
2131,216413,текущий_месяц,14
2132,216414,текущий_месяц,14
2133,216414,предыдцщий_месяц,11
2134,216415,текущий_месяц,20
2135,216415,предыдцщий_месяц,12
2136,216416,текущий_месяц,18
2137,216416,предыдцщий_месяц,15
2138,216417,текущий_месяц,11
2139,216417,предыдцщий_месяц,20
2140,216418,предыдцщий_месяц,8
2141,216418,текущий_месяц,17
2142,216419,текущий_месяц,19
2143,216419,предыдцщий_месяц,11
2144,216420,текущий_месяц,17
2145,216420,предыдцщий_месяц,12
2146,216421,текущий_месяц,18
2147,216421,предыдцщий_месяц,13
2148,216422,предыдцщий_месяц,15
2149,216422,текущий_месяц,17
2150,216423,предыдцщий_месяц,20
2151,216423,текущий_месяц,19
2152,216424,предыдцщий_месяц,12
2153,216424,текущий_месяц,12
2154,216425,текущий_месяц,12
2155,216425,предыдцщий_месяц,16
2156,216426,предыдцщий_месяц,19
2157,216426,текущий_месяц,14
2158,216427,текущий_месяц,15
2159,216427,предыдцщий_месяц,16
2160,216428,предыдцщий_месяц,12
2161,216428,текущий_месяц,16
2162,216429,предыдцщий_месяц,14
2163,216429,текущий_месяц,18
2164,216430,текущий_месяц,12
2165,216430,предыдцщий_месяц,17
2166,216431,предыдцщий_месяц,18
2167,216431,текущий_месяц,12
2168,216432,предыдцщий_месяц,17
2169,216432,текущий_месяц,14
2170,216433,предыдцщий_месяц,9
2171,216433,текущий_месяц,5
2172,216434,предыдцщий_месяц,16
2173,216434,текущий_месяц,17
2174,216435,предыдцщий_месяц,11
2175,216435,текущий_месяц,18
2176,216436,текущий_месяц,10
2177,216436,предыдцщий_месяц,21
2178,216437,текущий_месяц,8
2179,216437,предыдцщий_месяц,18
2180,216438,предыдцщий_месяц,13
2181,216438,текущий_месяц,14
2182,216439,текущий_месяц,8
2183,216439,предыдцщий_месяц,16
2184,216440,текущий_месяц,13
2185,216440,предыдцщий_месяц,21
2186,216441,текущий_месяц,14
2187,216441,предыдцщий_месяц,20
2188,216442,текущий_месяц,20
2189,216442,предыдцщий_месяц,13
2190,216443,предыдцщий_месяц,21
2191,216443,текущий_месяц,6
2192,216444,предыдцщий_месяц,22
2193,216444,текущий_месяц,14
2194,216445,предыдцщий_месяц,18
2195,216445,текущий_месяц,9
2196,216446,предыдцщий_месяц,15
2197,216446,текущий_месяц,20
2198,216447,текущий_месяц,14
2199,216447,предыдцщий_месяц,12
2200,216448,текущий_месяц,13
2201,216448,предыдцщий_месяц,12
2202,216449,предыдцщий_месяц,16
2203,216449,текущий_месяц,13
2204,216450,предыдцщий_месяц,10
2205,216450,текущий_месяц,7
2206,216451,предыдцщий_месяц,12
2207,216451,текущий_месяц,22
2208,216452,предыдцщий_месяц,16
2209,216452,текущий_месяц,14
2210,216453,предыдцщий_месяц,18
2211,216453,текущий_месяц,15
2212,216454,текущий_месяц,22
2213,216454,предыдцщий_месяц,19
2214,216455,текущий_месяц,12
2215,216455,предыдцщий_месяц,15
2216,216456,текущий_месяц,16
2217,216456,предыдцщий_месяц,20
2218,216457,предыдцщий_месяц,16
2219,216457,текущий_месяц,8
2220,216458,предыдцщий_месяц,14
2221,216458,текущий_месяц,11
2222,216459,предыдцщий_месяц,16
2223,216459,текущий_месяц,17
2224,216460,текущий_месяц,22
2225,216460,предыдцщий_месяц,15
2226,216461,текущий_месяц,11
2227,216461,предыдцщий_месяц,14
2228,216462,предыдцщий_месяц,13
2229,216462,текущий_месяц,5
2230,216463,текущий_месяц,17
2231,216463,предыдцщий_месяц,18
2232,216464,предыдцщий_месяц,17
2233,216464,текущий_месяц,12
2234,216465,предыдцщий_месяц,18
2235,216465,текущий_месяц,15
2236,216466,предыдцщий_месяц,14
2237,216466,текущий_месяц,15
2238,216467,текущий_месяц,17
2239,216467,предыдцщий_месяц,17
2240,216468,текущий_месяц,17
2241,216468,предыдцщий_месяц,12
2242,216469,текущий_месяц,22
2243,216469,предыдцщий_месяц,23
2244,216470,предыдцщий_месяц,23
2245,216470,текущий_месяц,18
2246,216471,текущий_месяц,17
2247,216471,предыдцщий_месяц,17
2248,216472,текущий_месяц,10
2249,216472,предыдцщий_месяц,16
2250,216473,предыдцщий_месяц,20
2251,216473,текущий_месяц,18
2252,216474,предыдцщий_месяц,17
2253,216474,текущий_месяц,16
2254,216475,текущий_месяц,13
2255,216475,предыдцщий_месяц,16
2256,216476,предыдцщий_месяц,16
2257,216476,текущий_месяц,11
2258,216477,предыдцщий_месяц,14
2259,216477,текущий_месяц,17
2260,216478,текущий_месяц,13
2261,216478,предыдцщий_месяц,15
2262,216479,предыдцщий_месяц,20
2263,216479,текущий_месяц,10
2264,216480,текущий_месяц,20
2265,216480,предыдцщий_месяц,16
2266,216481,предыдцщий_месяц,16
2267,216481,текущий_месяц,20
2268,216482,текущий_месяц,9
2269,216482,предыдцщий_месяц,10
2270,216483,текущий_месяц,17
2271,216483,предыдцщий_месяц,8
2272,216484,текущий_месяц,13
2273,216484,предыдцщий_месяц,19
2274,216485,предыдцщий_месяц,17
2275,216485,текущий_месяц,8
2276,216486,текущий_месяц,11
2277,216486,предыдцщий_месяц,14
2278,216487,предыдцщий_месяц,19
2279,216487,текущий_месяц,15
2280,216488,предыдцщий_месяц,12
2281,216488,текущий_месяц,18
2282,216489,предыдцщий_месяц,14
2283,216489,текущий_месяц,6
2284,216490,текущий_месяц,11
2285,216490,предыдцщий_месяц,19
2286,216491,текущий_месяц,13
2287,216491,предыдцщий_месяц,19
2288,216492,предыдцщий_месяц,11
2289,216492,текущий_месяц,12
2290,216493,текущий_месяц,9
2291,216493,предыдцщий_месяц,16
2292,216494,предыдцщий_месяц,11
2293,216494,текущий_месяц,18
2294,216495,предыдцщий_месяц,10
2295,216495,текущий_месяц,19
2296,216496,предыдцщий_месяц,22
2297,216496,текущий_месяц,15
2298,216497,предыдцщий_месяц,13
2299,216497,текущий_месяц,20
2300,216498,текущий_месяц,7
2301,216498,предыдцщий_месяц,15
2302,216499,предыдцщий_месяц,13
2303,216499,текущий_месяц,17
2304,216500,предыдцщий_месяц,17
2305,216500,текущий_месяц,16
2306,216501,предыдцщий_месяц,12
2307,216501,текущий_месяц,7
2308,216502,предыдцщий_месяц,14
2309,216502,текущий_месяц,9
2310,216503,предыдцщий_месяц,14
2311,216503,текущий_месяц,19
2312,216504,текущий_месяц,11
2313,216504,предыдцщий_месяц,19
2314,216505,текущий_месяц,18
2315,216505,предыдцщий_месяц,21
2316,216506,текущий_месяц,13
2317,216506,предыдцщий_месяц,14
2318,216507,предыдцщий_месяц,18
2319,216507,текущий_месяц,15
2320,216508,текущий_месяц,14
2321,216508,предыдцщий_месяц,12
2322,216509,предыдцщий_месяц,13
2323,216509,текущий_месяц,15
2324,216510,текущий_месяц,12
2325,216510,предыдцщий_месяц,20
2326,216511,предыдцщий_месяц,18
2327,216511,текущий_месяц,16
2328,216512,текущий_месяц,15
2329,216512,предыдцщий_месяц,13
2330,216513,текущий_месяц,14
2331,216513,предыдцщий_месяц,17
2332,216514,текущий_месяц,8
2333,216514,предыдцщий_месяц,18
2334,216515,текущий_месяц,19
2335,216515,предыдцщий_месяц,16
2336,216516,текущий_месяц,14
2337,216516,предыдцщий_месяц,15
2338,216517,предыдцщий_месяц,15
2339,216517,текущий_месяц,15
2340,216518,текущий_месяц,15
2341,216518,предыдцщий_месяц,9
2342,216519,предыдцщий_месяц,15
2343,216519,текущий_месяц,13
2344,216520,предыдцщий_месяц,21
2345,216520,текущий_месяц,15
2346,216521,предыдцщий_месяц,16
2347,216521,текущий_месяц,13
2348,216522,текущий_месяц,22
2349,216522,предыдцщий_месяц,14
2350,216523,текущий_месяц,9
2351,216523,предыдцщий_месяц,17
2352,216524,текущий_месяц,13
2353,216524,предыдцщий_месяц,20
2354,216525,предыдцщий_месяц,13
2355,216525,текущий_месяц,18
2356,216526,текущий_месяц,14
2357,216526,предыдцщий_месяц,13
2358,216527,текущий_месяц,19
2359,216527,предыдцщий_месяц,12
2360,216528,предыдцщий_месяц,19
2361,216528,текущий_месяц,19
2362,216529,текущий_месяц,17
2363,216529,предыдцщий_месяц,11
2364,216530,текущий_месяц,15
2365,216530,предыдцщий_месяц,17
2366,216531,текущий_месяц,14
2367,216531,предыдцщий_месяц,14
2368,216532,текущий_месяц,14
2369,216532,предыдцщий_месяц,14
2370,216533,предыдцщий_месяц,15
2371,216533,текущий_месяц,20
2372,216534,предыдцщий_месяц,18
2373,216534,текущий_месяц,7
2374,216535,предыдцщий_месяц,15
2375,216535,текущий_месяц,17
2376,216536,текущий_месяц,13
2377,216536,предыдцщий_месяц,10
2378,216537,текущий_месяц,22
2379,216537,предыдцщий_месяц,14
2380,216538,текущий_месяц,16
2381,216538,предыдцщий_месяц,9
2382,216539,текущий_месяц,9
2383,216539,предыдцщий_месяц,18
2384,216540,предыдцщий_месяц,18
2385,216540,текущий_месяц,18
2386,216541,предыдцщий_месяц,18
2387,216541,текущий_месяц,22
2388,216542,предыдцщий_месяц,17
2389,216542,текущий_месяц,17
2390,216543,текущий_месяц,14
2391,216543,предыдцщий_месяц,16
2392,216544,текущий_месяц,11
2393,216544,предыдцщий_месяц,17
2394,216545,текущий_месяц,23
2395,216545,предыдцщий_месяц,15
2396,216546,предыдцщий_месяц,15
2397,216546,текущий_месяц,14
2398,216547,предыдцщий_месяц,13
2399,216547,текущий_месяц,10
2400,216548,предыдцщий_месяц,15
2401,216548,текущий_месяц,17
2402,216549,предыдцщий_месяц,18
2403,216549,текущий_месяц,12
2404,216550,предыдцщий_месяц,16
2405,216550,текущий_месяц,13
2406,216551,текущий_месяц,18
2407,216551,предыдцщий_месяц,14
2408,216552,текущий_месяц,16
2409,216552,предыдцщий_месяц,9
2410,216553,предыдцщий_месяц,19
2411,216553,текущий_месяц,14
2412,216554,текущий_месяц,11
2413,216554,предыдцщий_месяц,17
2414,216555,предыдцщий_месяц,15
2415,216555,текущий_месяц,10
2416,216556,предыдцщий_месяц,18
2417,216556,текущий_месяц,8
2418,216557,предыдцщий_месяц,10
2419,216557,текущий_месяц,17
2420,216558,текущий_месяц,16
2421,216558,предыдцщий_месяц,15
2422,216559,предыдцщий_месяц,20
2423,216559,текущий_месяц,15
2424,216560,текущий_месяц,14
2425,216560,предыдцщий_месяц,17
2426,216561,текущий_месяц,7
2427,216561,предыдцщий_месяц,16
2428,216562,предыдцщий_месяц,11
2429,216562,текущий_месяц,8
2430,216563,предыдцщий_месяц,13
2431,216563,текущий_месяц,10
2432,216564,текущий_месяц,19
2433,216564,предыдцщий_месяц,14
2434,216565,предыдцщий_месяц,17
2435,216565,текущий_месяц,12
2436,216566,текущий_месяц,20
2437,216566,предыдцщий_месяц,15
2438,216567,текущий_месяц,7
2439,216567,предыдцщий_месяц,17
2440,216568,текущий_месяц,19
2441,216568,предыдцщий_месяц,13
2442,216569,текущий_месяц,19
2443,216569,предыдцщий_месяц,19
2444,216570,текущий_месяц,14
2445,216570,предыдцщий_месяц,18
2446,216571,текущий_месяц,20
2447,216571,предыдцщий_месяц,14
2448,216572,предыдцщий_месяц,11
2449,216572,текущий_месяц,16
2450,216573,предыдцщий_месяц,20
2451,216573,текущий_месяц,23
2452,216574,текущий_месяц,12
2453,216574,предыдцщий_месяц,9
2454,216575,предыдцщий_месяц,8
2455,216575,текущий_месяц,22
2456,216576,текущий_месяц,15
2457,216576,предыдцщий_месяц,18
2458,216577,текущий_месяц,16
2459,216577,предыдцщий_месяц,16
2460,216578,текущий_месяц,9
2461,216578,предыдцщий_месяц,12
2462,216579,текущий_месяц,21
2463,216579,предыдцщий_месяц,12
2464,216580,текущий_месяц,13
2465,216580,предыдцщий_месяц,19
2466,216581,предыдцщий_месяц,9
2467,216581,текущий_месяц,12
2468,216582,текущий_месяц,20
2469,216582,предыдцщий_месяц,15
2470,216583,предыдцщий_месяц,17
2471,216583,текущий_месяц,14
2472,216584,предыдцщий_месяц,20
2473,216584,текущий_месяц,18
2474,216585,предыдцщий_месяц,16
2475,216585,текущий_месяц,16
2476,216586,текущий_месяц,21
2477,216586,предыдцщий_месяц,11
2478,216587,текущий_месяц,17
2479,216587,предыдцщий_месяц,10
2480,216588,текущий_месяц,21
2481,216588,предыдцщий_месяц,15
2482,216589,предыдцщий_месяц,20
2483,216589,текущий_месяц,17
2484,216590,предыдцщий_месяц,19
2485,216590,текущий_месяц,14
2486,216591,текущий_месяц,13
2487,216591,предыдцщий_месяц,11
2488,216592,предыдцщий_месяц,11
2489,216592,текущий_месяц,13
2490,216593,текущий_месяц,19
2491,216593,предыдцщий_месяц,18
2492,216594,текущий_месяц,17
2493,216594,предыдцщий_месяц,15
2494,216595,текущий_месяц,17
2495,216595,предыдцщий_месяц,9
2496,216596,текущий_месяц,19
2497,216596,предыдцщий_месяц,12
2498,216597,предыдцщий_месяц,14
2499,216597,текущий_месяц,16
2500,216598,предыдцщий_месяц,11
2501,216598,текущий_месяц,13
2502,216599,текущий_месяц,9
2503,216599,предыдцщий_месяц,12
2504,216600,предыдцщий_месяц,17
2505,216600,текущий_месяц,17
2506,216601,текущий_месяц,19
2507,216601,предыдцщий_месяц,10
2508,216602,текущий_месяц,11
2509,216602,предыдцщий_месяц,17
2510,216603,текущий_месяц,17
2511,216603,предыдцщий_месяц,14
2512,216604,предыдцщий_месяц,14
2513,216604,текущий_месяц,14
2514,216605,предыдцщий_месяц,14
2515,216605,текущий_месяц,22
2516,216606,предыдцщий_месяц,14
2517,216606,текущий_месяц,20
2518,216607,текущий_месяц,12
2519,216607,предыдцщий_месяц,11
2520,216608,текущий_месяц,10
2521,216608,предыдцщий_месяц,8
2522,216609,предыдцщий_месяц,13
2523,216609,текущий_месяц,19
2524,216610,текущий_месяц,21
2525,216610,предыдцщий_месяц,12
2526,216611,текущий_месяц,17
2527,216611,предыдцщий_месяц,9
2528,216612,текущий_месяц,6
2529,216612,предыдцщий_месяц,12
2530,216613,предыдцщий_месяц,21
2531,216613,текущий_месяц,15
2532,216614,текущий_месяц,15
2533,216614,предыдцщий_месяц,11
2534,216615,предыдцщий_месяц,11
2535,216615,текущий_месяц,12
2536,216616,предыдцщий_месяц,16
2537,216616,текущий_месяц,10
2538,216617,предыдцщий_месяц,19
2539,216617,текущий_месяц,22
2540,216618,текущий_месяц,19
2541,216618,предыдцщий_месяц,15
2542,216619,текущий_месяц,17
2543,216619,предыдцщий_месяц,16
2544,216620,текущий_месяц,20
2545,216620,предыдцщий_месяц,17
2546,216621,предыдцщий_месяц,10
2547,216621,текущий_месяц,19
2548,216622,текущий_месяц,8
2549,216622,предыдцщий_месяц,12
2550,216623,предыдцщий_месяц,11
2551,216623,текущий_месяц,17
2552,216624,текущий_месяц,19
2553,216624,предыдцщий_месяц,22
2554,216625,предыдцщий_месяц,15
2555,216625,текущий_месяц,13
2556,216626,текущий_месяц,21
2557,216626,предыдцщий_месяц,14
2558,216627,предыдцщий_месяц,9
2559,216627,текущий_месяц,13
2560,216628,предыдцщий_месяц,18
2561,216628,текущий_месяц,14
2562,216629,предыдцщий_месяц,21
2563,216629,текущий_месяц,13
2564,216630,текущий_месяц,16
2565,216630,предыдцщий_месяц,17
2566,216631,предыдцщий_месяц,17
2567,216631,текущий_месяц,17
2568,216632,предыдцщий_месяц,20
2569,216632,текущий_месяц,23
2570,216633,предыдцщий_месяц,20
2571,216633,текущий_месяц,6
2572,216634,текущий_месяц,13
2573,216634,предыдцщий_месяц,14
2574,216635,предыдцщий_месяц,12
2575,216635,текущий_месяц,18
2576,216636,предыдцщий_месяц,10
2577,216636,текущий_месяц,14
2578,216637,предыдцщий_месяц,7
2579,216637,текущий_месяц,19
2580,216638,предыдцщий_месяц,11
2581,216638,текущий_месяц,14
2582,216639,предыдцщий_месяц,14
2583,216639,текущий_месяц,22
2584,216640,предыдцщий_месяц,23
2585,216640,текущий_месяц,17
2586,216641,предыдцщий_месяц,14
2587,216641,текущий_месяц,12
2588,216642,текущий_месяц,19
2589,216642,предыдцщий_месяц,19
2590,216643,предыдцщий_месяц,14
2591,216643,текущий_месяц,7
2592,216644,предыдцщий_месяц,12
2593,216644,текущий_месяц,11
2594,216645,предыдцщий_месяц,12
2595,216645,текущий_месяц,18
2596,216646,предыдцщий_месяц,18
2597,216646,текущий_месяц,7
2598,216647,текущий_месяц,10
2599,216647,предыдцщий_месяц,15
